date,三线红池数,一线红池数,板块三线红池数,阈值口径,备注,登记时间
2024-08-09,15,,,"120日>93 250日>95 50日>=90 + 前复权H/HHV(HIGH,250)>0.85",本机 extdata + gbbq 前复权回补（rps_backfill.py）,2026-08-18T19:47:23
2024-08-12,21,,,"120日>93 250日>95 50日>=90 + 前复权H/HHV(HIGH,250)>0.85",本机 extdata + gbbq 前复权回补（rps_backfill.py）,2026-08-18T19:47:23
2024-08-13,22,,,"120日>93 250日>95 50日>=90 + 前复权H/HHV(HIGH,250)>0.85",本机 extdata + gbbq 前复权回补（rps_backfill.py）,2026-08-18T19:47:23
2024-08-14,24,,,"120日>93 250日>95 50日>=90 + 前复权H/HHV(HIGH,250)>0.85",本机 extdata + gbbq 前复权回补（rps_backfill.py）,2026-08-18T19:47:23
2024-08-15,24,,,"120日>93 250日>95 50日>=90 + 前复权H/HHV(HIGH,250)>0.85",本机 extdata + gbbq 前复权回补（rps_backfill.py）,2026-08-18T19:47:23
2024-08-16,27,,,"120日>93 250日>95 50日>=90 + 前复权H/HHV(HIGH,250)>0.85",本机 extdata + gbbq 前复权回补（rps_backfill.py）,2026-08-18T19:47:23
2024-08-19,37,,,"120日>93 250日>95 50日>=90 + 前复权H/HHV(HIGH,250)>0.85",本机 extdata + gbbq 前复权回补（rps_backfill.py）,2026-08-18T19:47:23
2024-08-20,44,,,"120日>93 250日>95 50日>=90 + 前复权H/HHV(HIGH,250)>0.85",本机 extdata + gbbq 前复权回补（rps_backfill.py）,2026-08-18T19:47:23
2024-08-21,47,,,"120日>93 250日>95 50日>=90 + 前复权H/HHV(HIGH,250)>0.85",本机 extdata + gbbq 前复权回补（rps_backfill.py）,2026-08-18T19:47:23
2024-08-22,50,,,"120日>93 250日>95 50日>=90 + 前复权H/HHV(HIGH,250)>0.85",本机 extdata + gbbq 前复权回补（rps_backfill.py）,2026-08-18T19:47:23
2024-08-23,53,,,"120日>93 250日>95 50日>=90 + 前复权H/HHV(HIGH,250)>0.85",本机 extdata + gbbq 前复权回补（rps_backfill.py）,2026-08-18T19:47:23
2024-08-26,45,,,"120日>93 250日>95 50日>=90 + 前复权H/HHV(HIGH,250)>0.85",本机 extdata + gbbq 前复权回补（rps_backfill.py）,2026-08-18T19:47:23
2024-08-27,43,,,"120日>93 250日>95 50日>=90 + 前复权H/HHV(HIGH,250)>0.85",本机 extdata + gbbq 前复权回补（rps_backfill.py）,2026-08-18T19:47:23
2024-08-28,42,,,"120日>93 250日>95 50日>=90 + 前复权H/HHV(HIGH,250)>0.85",本机 extdata + gbbq 前复权回补（rps_backfill.py）,2026-08-18T19:47:23
2024-08-29,38,,,"120日>93 250日>95 50日>=90 + 前复权H/HHV(HIGH,250)>0.85",本机 extdata + gbbq 前复权回补（rps_backfill.py）,2026-08-18T19:47:23
2024-08-30,32,,,"120日>93 250日>95 50日>=90 + 前复权H/HHV(HIGH,250)>0.85",本机 extdata + gbbq 前复权回补（rps_backfill.py）,2026-08-18T19:47:23
2024-09-02,36,,,"120日>93 250日>95 50日>=90 + 前复权H/HHV(HIGH,250)>0.85",本机 extdata + gbbq 前复权回补（rps_backfill.py）,2026-08-18T19:47:23
2024-09-03,21,,,"120日>93 250日>95 50日>=90 + 前复权H/HHV(HIGH,250)>0.85",本机 extdata + gbbq 前复权回补（rps_backfill.py）,2026-08-18T19:47:23
2024-09-04,31,,,"120日>93 250日>95 50日>=90 + 前复权H/HHV(HIGH,250)>0.85",本机 extdata + gbbq 前复权回补（rps_backfill.py）,2026-08-18T19:47:23
2024-09-05,28,,,"120日>93 250日>95 50日>=90 + 前复权H/HHV(HIGH,250)>0.85",本机 extdata + gbbq 前复权回补（rps_backfill.py）,2026-08-18T19:47:23
2024-09-06,28,,,"120日>93 250日>95 50日>=90 + 前复权H/HHV(HIGH,250)>0.85",本机 extdata + gbbq 前复权回补（rps_backfill.py）,2026-08-18T19:47:23
2024-09-09,24,,,"120日>93 250日>95 50日>=90 + 前复权H/HHV(HIGH,250)>0.85",本机 extdata + gbbq 前复权回补（rps_backfill.py）,2026-08-18T19:47:23
2024-09-10,22,,,"120日>93 250日>95 50日>=90 + 前复权H/HHV(HIGH,250)>0.85",本机 extdata + gbbq 前复权回补（rps_backfill.py）,2026-08-18T19:47:23
2024-09-11,27,,,"120日>93 250日>95 50日>=90 + 前复权H/HHV(HIGH,250)>0.85",本机 extdata + gbbq 前复权回补（rps_backfill.py）,2026-08-18T19:47:23
2024-09-12,22,,,"120日>93 250日>95 50日>=90 + 前复权H/HHV(HIGH,250)>0.85",本机 extdata + gbbq 前复权回补（rps_backfill.py）,2026-08-18T19:47:23
2024-09-13,23,,,"120日>93 250日>95 50日>=90 + 前复权H/HHV(HIGH,250)>0.85",本机 extdata + gbbq 前复权回补（rps_backfill.py）,2026-08-18T19:47:23
2024-09-18,22,,,"120日>93 250日>95 50日>=90 + 前复权H/HHV(HIGH,250)>0.85",本机 extdata + gbbq 前复权回补（rps_backfill.py）,2026-08-18T19:47:23
2024-09-19,20,,,"120日>93 250日>95 50日>=90 + 前复权H/HHV(HIGH,250)>0.85",本机 extdata + gbbq 前复权回补（rps_backfill.py）,2026-08-18T19:47:23
2024-09-20,15,,,"120日>93 250日>95 50日>=90 + 前复权H/HHV(HIGH,250)>0.85",本机 extdata + gbbq 前复权回补（rps_backfill.py）,2026-08-18T19:47:23
2024-09-23,15,,,"120日>93 250日>95 50日>=90 + 前复权H/HHV(HIGH,250)>0.85",本机 extdata + gbbq 前复权回补（rps_backfill.py）,2026-08-18T19:47:23
2024-09-24,18,,,"120日>93 250日>95 50日>=90 + 前复权H/HHV(HIGH,250)>0.85",本机 extdata + gbbq 前复权回补（rps_backfill.py）,2026-08-18T19:47:23
2024-09-25,17,,,"120日>93 250日>95 50日>=90 + 前复权H/HHV(HIGH,250)>0.85",本机 extdata + gbbq 前复权回补（rps_backfill.py）,2026-08-18T19:47:23
2024-09-26,18,,,"120日>93 250日>95 50日>=90 + 前复权H/HHV(HIGH,250)>0.85",本机 extdata + gbbq 前复权回补（rps_backfill.py）,2026-08-18T19:47:23
2024-09-27,19,,,"120日>93 250日>95 50日>=90 + 前复权H/HHV(HIGH,250)>0.85",本机 extdata + gbbq 前复权回补（rps_backfill.py）,2026-08-18T19:47:23
2024-09-30,24,,,"120日>93 250日>95 50日>=90 + 前复权H/HHV(HIGH,250)>0.85",本机 extdata + gbbq 前复权回补（rps_backfill.py）,2026-08-18T19:47:23
2024-10-08,54,,,"120日>93 250日>95 50日>=90 + 前复权H/HHV(HIGH,250)>0.85",本机 extdata + gbbq 前复权回补（rps_backfill.py）,2026-08-18T19:47:23
2024-10-09,73,,,"120日>93 250日>95 50日>=90 + 前复权H/HHV(HIGH,250)>0.85",本机 extdata + gbbq 前复权回补（rps_backfill.py）,2026-08-18T19:47:23
2024-10-10,47,,,"120日>93 250日>95 50日>=90 + 前复权H/HHV(HIGH,250)>0.85",本机 extdata + gbbq 前复权回补（rps_backfill.py）,2026-08-18T19:47:23
2024-10-11,41,,,"120日>93 250日>95 50日>=90 + 前复权H/HHV(HIGH,250)>0.85",本机 extdata + gbbq 前复权回补（rps_backfill.py）,2026-08-18T19:47:23
2024-10-14,47,,,"120日>93 250日>95 50日>=90 + 前复权H/HHV(HIGH,250)>0.85",本机 extdata + gbbq 前复权回补（rps_backfill.py）,2026-08-18T19:47:23
2024-10-15,65,,,"120日>93 250日>95 50日>=90 + 前复权H/HHV(HIGH,250)>0.85",本机 extdata + gbbq 前复权回补（rps_backfill.py）,2026-08-18T19:47:23
2024-10-16,52,,,"120日>93 250日>95 50日>=90 + 前复权H/HHV(HIGH,250)>0.85",本机 extdata + gbbq 前复权回补（rps_backfill.py）,2026-08-18T19:47:23
2024-10-17,74,,,"120日>93 250日>95 50日>=90 + 前复权H/HHV(HIGH,250)>0.85",本机 extdata + gbbq 前复权回补（rps_backfill.py）,2026-08-18T19:47:23
2024-10-18,90,,,"120日>93 250日>95 50日>=90 + 前复权H/HHV(HIGH,250)>0.85",本机 extdata + gbbq 前复权回补（rps_backfill.py）,2026-08-18T19:47:23
2024-10-21,109,,,"120日>93 250日>95 50日>=90 + 前复权H/HHV(HIGH,250)>0.85",本机 extdata + gbbq 前复权回补（rps_backfill.py）,2026-08-18T19:47:23
2024-10-22,104,,,"120日>93 250日>95 50日>=90 + 前复权H/HHV(HIGH,250)>0.85",本机 extdata + gbbq 前复权回补（rps_backfill.py）,2026-08-18T19:47:23
2024-10-23,102,,,"120日>93 250日>95 50日>=90 + 前复权H/HHV(HIGH,250)>0.85",本机 extdata + gbbq 前复权回补（rps_backfill.py）,2026-08-18T19:47:23
2024-10-24,114,,,"120日>93 250日>95 50日>=90 + 前复权H/HHV(HIGH,250)>0.85",本机 extdata + gbbq 前复权回补（rps_backfill.py）,2026-08-18T19:47:23
2024-10-25,120,,,"120日>93 250日>95 50日>=90 + 前复权H/HHV(HIGH,250)>0.85",本机 extdata + gbbq 前复权回补（rps_backfill.py）,2026-08-18T19:47:23
2024-10-28,106,,,"120日>93 250日>95 50日>=90 + 前复权H/HHV(HIGH,250)>0.85",本机 extdata + gbbq 前复权回补（rps_backfill.py）,2026-08-18T19:47:23
2024-10-29,143,,,"120日>93 250日>95 50日>=90 + 前复权H/HHV(HIGH,250)>0.85",本机 extdata + gbbq 前复权回补（rps_backfill.py）,2026-08-18T19:47:23
2024-10-30,142,,,"120日>93 250日>95 50日>=90 + 前复权H/HHV(HIGH,250)>0.85",本机 extdata + gbbq 前复权回补（rps_backfill.py）,2026-08-18T19:47:23
2024-10-31,115,,,"120日>93 250日>95 50日>=90 + 前复权H/HHV(HIGH,250)>0.85",本机 extdata + gbbq 前复权回补（rps_backfill.py）,2026-08-18T19:47:23
2024-11-01,94,,,"120日>93 250日>95 50日>=90 + 前复权H/HHV(HIGH,250)>0.85",本机 extdata + gbbq 前复权回补（rps_backfill.py）,2026-08-18T19:47:23
2024-11-04,66,,,"120日>93 250日>95 50日>=90 + 前复权H/HHV(HIGH,250)>0.85",本机 extdata + gbbq 前复权回补（rps_backfill.py）,2026-08-18T19:47:23
2024-11-05,102,,,"120日>93 250日>95 50日>=90 + 前复权H/HHV(HIGH,250)>0.85",本机 extdata + gbbq 前复权回补（rps_backfill.py）,2026-08-18T19:47:23
2024-11-06,134,,,"120日>93 250日>95 50日>=90 + 前复权H/HHV(HIGH,250)>0.85",本机 extdata + gbbq 前复权回补（rps_backfill.py）,2026-08-18T19:47:23
2024-11-07,133,,,"120日>93 250日>95 50日>=90 + 前复权H/HHV(HIGH,250)>0.85",本机 extdata + gbbq 前复权回补（rps_backfill.py）,2026-08-18T19:47:23
2024-11-08,123,,,"120日>93 250日>95 50日>=90 + 前复权H/HHV(HIGH,250)>0.85",本机 extdata + gbbq 前复权回补（rps_backfill.py）,2026-08-18T19:47:23
2024-11-11,89,,,"120日>93 250日>95 50日>=90 + 前复权H/HHV(HIGH,250)>0.85",本机 extdata + gbbq 前复权回补（rps_backfill.py）,2026-08-18T19:47:23
2024-11-12,93,,,"120日>93 250日>95 50日>=90 + 前复权H/HHV(HIGH,250)>0.85",本机 extdata + gbbq 前复权回补（rps_backfill.py）,2026-08-18T19:47:23
2024-11-13,72,,,"120日>93 250日>95 50日>=90 + 前复权H/HHV(HIGH,250)>0.85",本机 extdata + gbbq 前复权回补（rps_backfill.py）,2026-08-18T19:47:23
2024-11-14,78,,,"120日>93 250日>95 50日>=90 + 前复权H/HHV(HIGH,250)>0.85",本机 extdata + gbbq 前复权回补（rps_backfill.py）,2026-08-18T19:47:23
2024-11-15,77,,,"120日>93 250日>95 50日>=90 + 前复权H/HHV(HIGH,250)>0.85",本机 extdata + gbbq 前复权回补（rps_backfill.py）,2026-08-18T19:47:23
2024-11-18,95,,,"120日>93 250日>95 50日>=90 + 前复权H/HHV(HIGH,250)>0.85",本机 extdata + gbbq 前复权回补（rps_backfill.py）,2026-08-18T19:47:23
2024-11-19,49,,,"120日>93 250日>95 50日>=90 + 前复权H/HHV(HIGH,250)>0.85",本机 extdata + gbbq 前复权回补（rps_backfill.py）,2026-08-18T19:47:23
2024-11-20,63,,,"120日>93 250日>95 50日>=90 + 前复权H/HHV(HIGH,250)>0.85",本机 extdata + gbbq 前复权回补（rps_backfill.py）,2026-08-18T19:47:23
2024-11-21,89,,,"120日>93 250日>95 50日>=90 + 前复权H/HHV(HIGH,250)>0.85",本机 extdata + gbbq 前复权回补（rps_backfill.py）,2026-08-18T19:47:23
2024-11-22,100,,,"120日>93 250日>95 50日>=90 + 前复权H/HHV(HIGH,250)>0.85",本机 extdata + gbbq 前复权回补（rps_backfill.py）,2026-08-18T19:47:23
2024-11-25,76,,,"120日>93 250日>95 50日>=90 + 前复权H/HHV(HIGH,250)>0.85",本机 extdata + gbbq 前复权回补（rps_backfill.py）,2026-08-18T19:47:23
2024-11-26,73,,,"120日>93 250日>95 50日>=90 + 前复权H/HHV(HIGH,250)>0.85",本机 extdata + gbbq 前复权回补（rps_backfill.py）,2026-08-18T19:47:23
2024-11-27,56,,,"120日>93 250日>95 50日>=90 + 前复权H/HHV(HIGH,250)>0.85",本机 extdata + gbbq 前复权回补（rps_backfill.py）,2026-08-18T19:47:23
2024-11-28,79,,,"120日>93 250日>95 50日>=90 + 前复权H/HHV(HIGH,250)>0.85",本机 extdata + gbbq 前复权回补（rps_backfill.py）,2026-08-18T19:47:23
2024-11-29,77,,,"120日>93 250日>95 50日>=90 + 前复权H/HHV(HIGH,250)>0.85",本机 extdata + gbbq 前复权回补（rps_backfill.py）,2026-08-18T19:47:23
2024-12-02,92,,,"120日>93 250日>95 50日>=90 + 前复权H/HHV(HIGH,250)>0.85",本机 extdata + gbbq 前复权回补（rps_backfill.py）,2026-08-18T19:47:23
2024-12-03,83,,,"120日>93 250日>95 50日>=90 + 前复权H/HHV(HIGH,250)>0.85",本机 extdata + gbbq 前复权回补（rps_backfill.py）,2026-08-18T19:47:23
2024-12-04,76,,,"120日>93 250日>95 50日>=90 + 前复权H/HHV(HIGH,250)>0.85",本机 extdata + gbbq 前复权回补（rps_backfill.py）,2026-08-18T19:47:23
2024-12-05,64,,,"120日>93 250日>95 50日>=90 + 前复权H/HHV(HIGH,250)>0.85",本机 extdata + gbbq 前复权回补（rps_backfill.py）,2026-08-18T19:47:23
2024-12-06,56,,,"120日>93 250日>95 50日>=90 + 前复权H/HHV(HIGH,250)>0.85",本机 extdata + gbbq 前复权回补（rps_backfill.py）,2026-08-18T19:47:23
2024-12-09,42,,,"120日>93 250日>95 50日>=90 + 前复权H/HHV(HIGH,250)>0.85",本机 extdata + gbbq 前复权回补（rps_backfill.py）,2026-08-18T19:47:23
2024-12-10,62,,,"120日>93 250日>95 50日>=90 + 前复权H/HHV(HIGH,250)>0.85",本机 extdata + gbbq 前复权回补（rps_backfill.py）,2026-08-18T19:47:23
2024-12-11,54,,,"120日>93 250日>95 50日>=90 + 前复权H/HHV(HIGH,250)>0.85",本机 extdata + gbbq 前复权回补（rps_backfill.py）,2026-08-18T19:47:23
2024-12-12,46,,,"120日>93 250日>95 50日>=90 + 前复权H/HHV(HIGH,250)>0.85",本机 extdata + gbbq 前复权回补（rps_backfill.py）,2026-08-18T19:47:23
2024-12-13,50,,,"120日>93 250日>95 50日>=90 + 前复权H/HHV(HIGH,250)>0.85",本机 extdata + gbbq 前复权回补（rps_backfill.py）,2026-08-18T19:47:23
2024-12-16,41,,,"120日>93 250日>95 50日>=90 + 前复权H/HHV(HIGH,250)>0.85",本机 extdata + gbbq 前复权回补（rps_backfill.py）,2026-08-18T19:47:23
2024-12-17,30,,,"120日>93 250日>95 50日>=90 + 前复权H/HHV(HIGH,250)>0.85",本机 extdata + gbbq 前复权回补（rps_backfill.py）,2026-08-18T19:47:23
2024-12-18,34,,,"120日>93 250日>95 50日>=90 + 前复权H/HHV(HIGH,250)>0.85",本机 extdata + gbbq 前复权回补（rps_backfill.py）,2026-08-18T19:47:23
2024-12-19,40,,,"120日>93 250日>95 50日>=90 + 前复权H/HHV(HIGH,250)>0.85",本机 extdata + gbbq 前复权回补（rps_backfill.py）,2026-08-18T19:47:23
2024-12-20,42,,,"120日>93 250日>95 50日>=90 + 前复权H/HHV(HIGH,250)>0.85",本机 extdata + gbbq 前复权回补（rps_backfill.py）,2026-08-18T19:47:23
2024-12-23,38,,,"120日>93 250日>95 50日>=90 + 前复权H/HHV(HIGH,250)>0.85",本机 extdata + gbbq 前复权回补（rps_backfill.py）,2026-08-18T19:47:23
2024-12-24,35,,,"120日>93 250日>95 50日>=90 + 前复权H/HHV(HIGH,250)>0.85",本机 extdata + gbbq 前复权回补（rps_backfill.py）,2026-08-18T19:47:23
2024-12-25,34,,,"120日>93 250日>95 50日>=90 + 前复权H/HHV(HIGH,250)>0.85",本机 extdata + gbbq 前复权回补（rps_backfill.py）,2026-08-18T19:47:23
2024-12-26,45,,,"120日>93 250日>95 50日>=90 + 前复权H/HHV(HIGH,250)>0.85",本机 extdata + gbbq 前复权回补（rps_backfill.py）,2026-08-18T19:47:23
2024-12-27,40,,,"120日>93 250日>95 50日>=90 + 前复权H/HHV(HIGH,250)>0.85",本机 extdata + gbbq 前复权回补（rps_backfill.py）,2026-08-18T19:47:23
2024-12-30,35,,,"120日>93 250日>95 50日>=90 + 前复权H/HHV(HIGH,250)>0.85",本机 extdata + gbbq 前复权回补（rps_backfill.py）,2026-08-18T19:47:23
2024-12-31,35,,,"120日>93 250日>95 50日>=90 + 前复权H/HHV(HIGH,250)>0.85",本机 extdata + gbbq 前复权回补（rps_backfill.py）,2026-08-18T19:47:23
2025-01-02,30,,,"120日>93 250日>95 50日>=90 + 前复权H/HHV(HIGH,250)>0.85",本机 extdata + gbbq 前复权回补（rps_backfill.py）,2026-08-18T19:47:23
2025-01-03,28,,,"120日>93 250日>95 50日>=90 + 前复权H/HHV(HIGH,250)>0.85",本机 extdata + gbbq 前复权回补（rps_backfill.py）,2026-08-18T19:47:23
2025-01-06,19,,,"120日>93 250日>95 50日>=90 + 前复权H/HHV(HIGH,250)>0.85",本机 extdata + gbbq 前复权回补（rps_backfill.py）,2026-08-18T19:47:23
2025-01-07,25,,,"120日>93 250日>95 50日>=90 + 前复权H/HHV(HIGH,250)>0.85",本机 extdata + gbbq 前复权回补（rps_backfill.py）,2026-08-18T19:47:23
2025-01-08,34,,,"120日>93 250日>95 50日>=90 + 前复权H/HHV(HIGH,250)>0.85",本机 extdata + gbbq 前复权回补（rps_backfill.py）,2026-08-18T19:47:23
2025-01-09,40,,,"120日>93 250日>95 50日>=90 + 前复权H/HHV(HIGH,250)>0.85",本机 extdata + gbbq 前复权回补（rps_backfill.py）,2026-08-18T19:47:23
2025-01-10,35,,,"120日>93 250日>95 50日>=90 + 前复权H/HHV(HIGH,250)>0.85",本机 extdata + gbbq 前复权回补（rps_backfill.py）,2026-08-18T19:47:23
2025-01-13,32,,,"120日>93 250日>95 50日>=90 + 前复权H/HHV(HIGH,250)>0.85",本机 extdata + gbbq 前复权回补（rps_backfill.py）,2026-08-18T19:47:23
2025-01-14,34,,,"120日>93 250日>95 50日>=90 + 前复权H/HHV(HIGH,250)>0.85",本机 extdata + gbbq 前复权回补（rps_backfill.py）,2026-08-18T19:47:23
2025-01-15,46,,,"120日>93 250日>95 50日>=90 + 前复权H/HHV(HIGH,250)>0.85",本机 extdata + gbbq 前复权回补（rps_backfill.py）,2026-08-18T19:47:23
2025-01-16,41,,,"120日>93 250日>95 50日>=90 + 前复权H/HHV(HIGH,250)>0.85",本机 extdata + gbbq 前复权回补（rps_backfill.py）,2026-08-18T19:47:23
2025-01-17,44,,,"120日>93 250日>95 50日>=90 + 前复权H/HHV(HIGH,250)>0.85",本机 extdata + gbbq 前复权回补（rps_backfill.py）,2026-08-18T19:47:23
2025-01-20,45,,,"120日>93 250日>95 50日>=90 + 前复权H/HHV(HIGH,250)>0.85",本机 extdata + gbbq 前复权回补（rps_backfill.py）,2026-08-18T19:47:23
2025-01-21,54,,,"120日>93 250日>95 50日>=90 + 前复权H/HHV(HIGH,250)>0.85",本机 extdata + gbbq 前复权回补（rps_backfill.py）,2026-08-18T19:47:23
2025-01-22,65,,,"120日>93 250日>95 50日>=90 + 前复权H/HHV(HIGH,250)>0.85",本机 extdata + gbbq 前复权回补（rps_backfill.py）,2026-08-18T19:47:23
2025-01-23,60,,,"120日>93 250日>95 50日>=90 + 前复权H/HHV(HIGH,250)>0.85",本机 extdata + gbbq 前复权回补（rps_backfill.py）,2026-08-18T19:47:23
2025-01-24,57,,,"120日>93 250日>95 50日>=90 + 前复权H/HHV(HIGH,250)>0.85",本机 extdata + gbbq 前复权回补（rps_backfill.py）,2026-08-18T19:47:23
2025-01-27,55,,,"120日>93 250日>95 50日>=90 + 前复权H/HHV(HIGH,250)>0.85",本机 extdata + gbbq 前复权回补（rps_backfill.py）,2026-08-18T19:47:23
2025-02-05,54,,,"120日>93 250日>95 50日>=90 + 前复权H/HHV(HIGH,250)>0.85",本机 extdata + gbbq 前复权回补（rps_backfill.py）,2026-08-18T19:47:23
2025-02-06,59,,,"120日>93 250日>95 50日>=90 + 前复权H/HHV(HIGH,250)>0.85",本机 extdata + gbbq 前复权回补（rps_backfill.py）,2026-08-18T19:47:23
2025-02-07,63,,,"120日>93 250日>95 50日>=90 + 前复权H/HHV(HIGH,250)>0.85",本机 extdata + gbbq 前复权回补（rps_backfill.py）,2026-08-18T19:47:23
2025-02-10,71,,,"120日>93 250日>95 50日>=90 + 前复权H/HHV(HIGH,250)>0.85",本机 extdata + gbbq 前复权回补（rps_backfill.py）,2026-08-18T19:47:23
2025-02-11,80,,,"120日>93 250日>95 50日>=90 + 前复权H/HHV(HIGH,250)>0.85",本机 extdata + gbbq 前复权回补（rps_backfill.py）,2026-08-18T19:47:23
2025-02-12,79,,,"120日>93 250日>95 50日>=90 + 前复权H/HHV(HIGH,250)>0.85",本机 extdata + gbbq 前复权回补（rps_backfill.py）,2026-08-18T19:47:23
2025-02-13,76,,,"120日>93 250日>95 50日>=90 + 前复权H/HHV(HIGH,250)>0.85",本机 extdata + gbbq 前复权回补（rps_backfill.py）,2026-08-18T19:47:23
2025-02-14,73,,,"120日>93 250日>95 50日>=90 + 前复权H/HHV(HIGH,250)>0.85",本机 extdata + gbbq 前复权回补（rps_backfill.py）,2026-08-18T19:47:23
2025-02-17,74,,,"120日>93 250日>95 50日>=90 + 前复权H/HHV(HIGH,250)>0.85",本机 extdata + gbbq 前复权回补（rps_backfill.py）,2026-08-18T19:47:23
2025-02-18,70,,,"120日>93 250日>95 50日>=90 + 前复权H/HHV(HIGH,250)>0.85",本机 extdata + gbbq 前复权回补（rps_backfill.py）,2026-08-18T19:47:23
2025-02-19,77,,,"120日>93 250日>95 50日>=90 + 前复权H/HHV(HIGH,250)>0.85",本机 extdata + gbbq 前复权回补（rps_backfill.py）,2026-08-18T19:47:23
2025-02-20,85,,,"120日>93 250日>95 50日>=90 + 前复权H/HHV(HIGH,250)>0.85",本机 extdata + gbbq 前复权回补（rps_backfill.py）,2026-08-18T19:47:23
2025-02-21,100,,,"120日>93 250日>95 50日>=90 + 前复权H/HHV(HIGH,250)>0.85",本机 extdata + gbbq 前复权回补（rps_backfill.py）,2026-08-18T19:47:23
2025-02-24,92,,,"120日>93 250日>95 50日>=90 + 前复权H/HHV(HIGH,250)>0.85",本机 extdata + gbbq 前复权回补（rps_backfill.py）,2026-08-18T19:47:23
2025-02-25,91,,,"120日>93 250日>95 50日>=90 + 前复权H/HHV(HIGH,250)>0.85",本机 extdata + gbbq 前复权回补（rps_backfill.py）,2026-08-18T19:47:23
2025-02-26,86,,,"120日>93 250日>95 50日>=90 + 前复权H/HHV(HIGH,250)>0.85",本机 extdata + gbbq 前复权回补（rps_backfill.py）,2026-08-18T19:47:23
2025-02-27,88,,,"120日>93 250日>95 50日>=90 + 前复权H/HHV(HIGH,250)>0.85",本机 extdata + gbbq 前复权回补（rps_backfill.py）,2026-08-18T19:47:23
2025-02-28,76,,,"120日>93 250日>95 50日>=90 + 前复权H/HHV(HIGH,250)>0.85",本机 extdata + gbbq 前复权回补（rps_backfill.py）,2026-08-18T19:47:23
2025-03-03,65,,,"120日>93 250日>95 50日>=90 + 前复权H/HHV(HIGH,250)>0.85",本机 extdata + gbbq 前复权回补（rps_backfill.py）,2026-08-18T19:47:23
2025-03-04,62,,,"120日>93 250日>95 50日>=90 + 前复权H/HHV(HIGH,250)>0.85",本机 extdata + gbbq 前复权回补（rps_backfill.py）,2026-08-18T19:47:23
2025-03-05,90,,,"120日>93 250日>95 50日>=90 + 前复权H/HHV(HIGH,250)>0.85",本机 extdata + gbbq 前复权回补（rps_backfill.py）,2026-08-18T19:47:23
2025-03-06,90,,,"120日>93 250日>95 50日>=90 + 前复权H/HHV(HIGH,250)>0.85",本机 extdata + gbbq 前复权回补（rps_backfill.py）,2026-08-18T19:47:23
2025-03-07,91,,,"120日>93 250日>95 50日>=90 + 前复权H/HHV(HIGH,250)>0.85",本机 extdata + gbbq 前复权回补（rps_backfill.py）,2026-08-18T19:47:23
2025-03-10,87,,,"120日>93 250日>95 50日>=90 + 前复权H/HHV(HIGH,250)>0.85",本机 extdata + gbbq 前复权回补（rps_backfill.py）,2026-08-18T19:47:23
2025-03-11,81,,,"120日>93 250日>95 50日>=90 + 前复权H/HHV(HIGH,250)>0.85",本机 extdata + gbbq 前复权回补（rps_backfill.py）,2026-08-18T19:47:23
2025-03-12,87,,,"120日>93 250日>95 50日>=90 + 前复权H/HHV(HIGH,250)>0.85",本机 extdata + gbbq 前复权回补（rps_backfill.py）,2026-08-18T19:47:23
2025-03-13,84,,,"120日>93 250日>95 50日>=90 + 前复权H/HHV(HIGH,250)>0.85",本机 extdata + gbbq 前复权回补（rps_backfill.py）,2026-08-18T19:47:23
2025-03-14,85,,,"120日>93 250日>95 50日>=90 + 前复权H/HHV(HIGH,250)>0.85",本机 extdata + gbbq 前复权回补（rps_backfill.py）,2026-08-18T19:47:23
2025-03-17,92,,,"120日>93 250日>95 50日>=90 + 前复权H/HHV(HIGH,250)>0.85",本机 extdata + gbbq 前复权回补（rps_backfill.py）,2026-08-18T19:47:23
2025-03-18,106,,,"120日>93 250日>95 50日>=90 + 前复权H/HHV(HIGH,250)>0.85",本机 extdata + gbbq 前复权回补（rps_backfill.py）,2026-08-18T19:47:23
2025-03-19,88,,,"120日>93 250日>95 50日>=90 + 前复权H/HHV(HIGH,250)>0.85",本机 extdata + gbbq 前复权回补（rps_backfill.py）,2026-08-18T19:47:23
2025-03-20,79,,,"120日>93 250日>95 50日>=90 + 前复权H/HHV(HIGH,250)>0.85",本机 extdata + gbbq 前复权回补（rps_backfill.py）,2026-08-18T19:47:23
2025-03-21,71,,,"120日>93 250日>95 50日>=90 + 前复权H/HHV(HIGH,250)>0.85",本机 extdata + gbbq 前复权回补（rps_backfill.py）,2026-08-18T19:47:23
2025-03-24,52,,,"120日>93 250日>95 50日>=90 + 前复权H/HHV(HIGH,250)>0.85",本机 extdata + gbbq 前复权回补（rps_backfill.py）,2026-08-18T19:47:23
2025-03-25,48,,,"120日>93 250日>95 50日>=90 + 前复权H/HHV(HIGH,250)>0.85",本机 extdata + gbbq 前复权回补（rps_backfill.py）,2026-08-18T19:47:23
2025-03-26,49,,,"120日>93 250日>95 50日>=90 + 前复权H/HHV(HIGH,250)>0.85",本机 extdata + gbbq 前复权回补（rps_backfill.py）,2026-08-18T19:47:23
2025-03-27,51,,,"120日>93 250日>95 50日>=90 + 前复权H/HHV(HIGH,250)>0.85",本机 extdata + gbbq 前复权回补（rps_backfill.py）,2026-08-18T19:47:23
2025-03-28,40,,,"120日>93 250日>95 50日>=90 + 前复权H/HHV(HIGH,250)>0.85",本机 extdata + gbbq 前复权回补（rps_backfill.py）,2026-08-18T19:47:23
2025-03-31,36,,,"120日>93 250日>95 50日>=90 + 前复权H/HHV(HIGH,250)>0.85",本机 extdata + gbbq 前复权回补（rps_backfill.py）,2026-08-18T19:47:23
2025-04-01,36,,,"120日>93 250日>95 50日>=90 + 前复权H/HHV(HIGH,250)>0.85",本机 extdata + gbbq 前复权回补（rps_backfill.py）,2026-08-18T19:47:23
2025-04-02,35,,,"120日>93 250日>95 50日>=90 + 前复权H/HHV(HIGH,250)>0.85",本机 extdata + gbbq 前复权回补（rps_backfill.py）,2026-08-18T19:47:23
2025-04-03,32,,,"120日>93 250日>95 50日>=90 + 前复权H/HHV(HIGH,250)>0.85",本机 extdata + gbbq 前复权回补（rps_backfill.py）,2026-08-18T19:47:23
2025-04-07,32,,,"120日>93 250日>95 50日>=90 + 前复权H/HHV(HIGH,250)>0.85",本机 extdata + gbbq 前复权回补（rps_backfill.py）,2026-08-18T19:47:23
2025-04-08,32,,,"120日>93 250日>95 50日>=90 + 前复权H/HHV(HIGH,250)>0.85",本机 extdata + gbbq 前复权回补（rps_backfill.py）,2026-08-18T19:47:23
2025-04-09,32,,,"120日>93 250日>95 50日>=90 + 前复权H/HHV(HIGH,250)>0.85",本机 extdata + gbbq 前复权回补（rps_backfill.py）,2026-08-18T19:47:23
2025-04-10,46,,,"120日>93 250日>95 50日>=90 + 前复权H/HHV(HIGH,250)>0.85",本机 extdata + gbbq 前复权回补（rps_backfill.py）,2026-08-18T19:47:23
2025-04-11,40,,,"120日>93 250日>95 50日>=90 + 前复权H/HHV(HIGH,250)>0.85",本机 extdata + gbbq 前复权回补（rps_backfill.py）,2026-08-18T19:47:23
2025-04-14,33,,,"120日>93 250日>95 50日>=90 + 前复权H/HHV(HIGH,250)>0.85",本机 extdata + gbbq 前复权回补（rps_backfill.py）,2026-08-18T19:47:23
2025-04-15,35,,,"120日>93 250日>95 50日>=90 + 前复权H/HHV(HIGH,250)>0.85",本机 extdata + gbbq 前复权回补（rps_backfill.py）,2026-08-18T19:47:23
2025-04-16,38,,,"120日>93 250日>95 50日>=90 + 前复权H/HHV(HIGH,250)>0.85",本机 extdata + gbbq 前复权回补（rps_backfill.py）,2026-08-18T19:47:23
2025-04-17,41,,,"120日>93 250日>95 50日>=90 + 前复权H/HHV(HIGH,250)>0.85",本机 extdata + gbbq 前复权回补（rps_backfill.py）,2026-08-18T19:47:23
2025-04-18,34,,,"120日>93 250日>95 50日>=90 + 前复权H/HHV(HIGH,250)>0.85",本机 extdata + gbbq 前复权回补（rps_backfill.py）,2026-08-18T19:47:23
2025-04-21,39,,,"120日>93 250日>95 50日>=90 + 前复权H/HHV(HIGH,250)>0.85",本机 extdata + gbbq 前复权回补（rps_backfill.py）,2026-08-18T19:47:23
2025-04-22,41,,,"120日>93 250日>95 50日>=90 + 前复权H/HHV(HIGH,250)>0.85",本机 extdata + gbbq 前复权回补（rps_backfill.py）,2026-08-18T19:47:23
2025-04-23,39,,,"120日>93 250日>95 50日>=90 + 前复权H/HHV(HIGH,250)>0.85",本机 extdata + gbbq 前复权回补（rps_backfill.py）,2026-08-18T19:47:23
2025-04-24,47,,,"120日>93 250日>95 50日>=90 + 前复权H/HHV(HIGH,250)>0.85",本机 extdata + gbbq 前复权回补（rps_backfill.py）,2026-08-18T19:47:23
2025-04-25,47,,,"120日>93 250日>95 50日>=90 + 前复权H/HHV(HIGH,250)>0.85",本机 extdata + gbbq 前复权回补（rps_backfill.py）,2026-08-18T19:47:23
2025-04-28,43,,,"120日>93 250日>95 50日>=90 + 前复权H/HHV(HIGH,250)>0.85",本机 extdata + gbbq 前复权回补（rps_backfill.py）,2026-08-18T19:47:23
2025-04-29,45,,,"120日>93 250日>95 50日>=90 + 前复权H/HHV(HIGH,250)>0.85",本机 extdata + gbbq 前复权回补（rps_backfill.py）,2026-08-18T19:47:23
2025-04-30,44,,,"120日>93 250日>95 50日>=90 + 前复权H/HHV(HIGH,250)>0.85",本机 extdata + gbbq 前复权回补（rps_backfill.py）,2026-08-18T19:47:23
2025-05-06,43,,,"120日>93 250日>95 50日>=90 + 前复权H/HHV(HIGH,250)>0.85",本机 extdata + gbbq 前复权回补（rps_backfill.py）,2026-08-18T19:47:23
2025-05-07,44,,,"120日>93 250日>95 50日>=90 + 前复权H/HHV(HIGH,250)>0.85",本机 extdata + gbbq 前复权回补（rps_backfill.py）,2026-08-18T19:47:23
2025-05-08,46,,,"120日>93 250日>95 50日>=90 + 前复权H/HHV(HIGH,250)>0.85",本机 extdata + gbbq 前复权回补（rps_backfill.py）,2026-08-18T19:47:23
2025-05-09,42,,,"120日>93 250日>95 50日>=90 + 前复权H/HHV(HIGH,250)>0.85",本机 extdata + gbbq 前复权回补（rps_backfill.py）,2026-08-18T19:47:23
2025-05-12,45,,,"120日>93 250日>95 50日>=90 + 前复权H/HHV(HIGH,250)>0.85",本机 extdata + gbbq 前复权回补（rps_backfill.py）,2026-08-18T19:47:23
2025-05-13,56,,,"120日>93 250日>95 50日>=90 + 前复权H/HHV(HIGH,250)>0.85",本机 extdata + gbbq 前复权回补（rps_backfill.py）,2026-08-18T19:47:23
2025-05-14,56,,,"120日>93 250日>95 50日>=90 + 前复权H/HHV(HIGH,250)>0.85",本机 extdata + gbbq 前复权回补（rps_backfill.py）,2026-08-18T19:47:23
2025-05-15,61,,,"120日>93 250日>95 50日>=90 + 前复权H/HHV(HIGH,250)>0.85",本机 extdata + gbbq 前复权回补（rps_backfill.py）,2026-08-18T19:47:23
2025-05-16,61,,,"120日>93 250日>95 50日>=90 + 前复权H/HHV(HIGH,250)>0.85",本机 extdata + gbbq 前复权回补（rps_backfill.py）,2026-08-18T19:47:23
2025-05-19,60,,,"120日>93 250日>95 50日>=90 + 前复权H/HHV(HIGH,250)>0.85",本机 extdata + gbbq 前复权回补（rps_backfill.py）,2026-08-18T19:47:23
2025-05-20,50,,,"120日>93 250日>95 50日>=90 + 前复权H/HHV(HIGH,250)>0.85",本机 extdata + gbbq 前复权回补（rps_backfill.py）,2026-08-18T19:47:23
2025-05-21,48,,,"120日>93 250日>95 50日>=90 + 前复权H/HHV(HIGH,250)>0.85",本机 extdata + gbbq 前复权回补（rps_backfill.py）,2026-08-18T19:47:23
2025-05-22,41,,,"120日>93 250日>95 50日>=90 + 前复权H/HHV(HIGH,250)>0.85",本机 extdata + gbbq 前复权回补（rps_backfill.py）,2026-08-18T19:47:23
2025-05-23,38,,,"120日>93 250日>95 50日>=90 + 前复权H/HHV(HIGH,250)>0.85",本机 extdata + gbbq 前复权回补（rps_backfill.py）,2026-08-18T19:47:23
2025-05-26,39,,,"120日>93 250日>95 50日>=90 + 前复权H/HHV(HIGH,250)>0.85",本机 extdata + gbbq 前复权回补（rps_backfill.py）,2026-08-18T19:47:23
2025-05-27,48,,,"120日>93 250日>95 50日>=90 + 前复权H/HHV(HIGH,250)>0.85",本机 extdata + gbbq 前复权回补（rps_backfill.py）,2026-08-18T19:47:23
2025-05-28,50,,,"120日>93 250日>95 50日>=90 + 前复权H/HHV(HIGH,250)>0.85",本机 extdata + gbbq 前复权回补（rps_backfill.py）,2026-08-18T19:47:23
2025-05-29,51,,,"120日>93 250日>95 50日>=90 + 前复权H/HHV(HIGH,250)>0.85",本机 extdata + gbbq 前复权回补（rps_backfill.py）,2026-08-18T19:47:23
2025-05-30,42,,,"120日>93 250日>95 50日>=90 + 前复权H/HHV(HIGH,250)>0.85",本机 extdata + gbbq 前复权回补（rps_backfill.py）,2026-08-18T19:47:23
2025-06-03,40,,,"120日>93 250日>95 50日>=90 + 前复权H/HHV(HIGH,250)>0.85",本机 extdata + gbbq 前复权回补（rps_backfill.py）,2026-08-18T19:47:23
2025-06-04,46,,,"120日>93 250日>95 50日>=90 + 前复权H/HHV(HIGH,250)>0.85",本机 extdata + gbbq 前复权回补（rps_backfill.py）,2026-08-18T19:47:23
2025-06-05,48,,,"120日>93 250日>95 50日>=90 + 前复权H/HHV(HIGH,250)>0.85",本机 extdata + gbbq 前复权回补（rps_backfill.py）,2026-08-18T19:47:23
2025-06-06,45,,,"120日>93 250日>95 50日>=90 + 前复权H/HHV(HIGH,250)>0.85",本机 extdata + gbbq 前复权回补（rps_backfill.py）,2026-08-18T19:47:23
2025-06-09,52,,,"120日>93 250日>95 50日>=90 + 前复权H/HHV(HIGH,250)>0.85",本机 extdata + gbbq 前复权回补（rps_backfill.py）,2026-08-18T19:47:23
2025-06-10,65,,,"120日>93 250日>95 50日>=90 + 前复权H/HHV(HIGH,250)>0.85",本机 extdata + gbbq 前复权回补（rps_backfill.py）,2026-08-18T19:47:23
2025-06-11,59,,,"120日>93 250日>95 50日>=90 + 前复权H/HHV(HIGH,250)>0.85",本机 extdata + gbbq 前复权回补（rps_backfill.py）,2026-08-18T19:47:23
2025-06-12,63,,,"120日>93 250日>95 50日>=90 + 前复权H/HHV(HIGH,250)>0.85",本机 extdata + gbbq 前复权回补（rps_backfill.py）,2026-08-18T19:47:23
2025-06-13,67,,,"120日>93 250日>95 50日>=90 + 前复权H/HHV(HIGH,250)>0.85",本机 extdata + gbbq 前复权回补（rps_backfill.py）,2026-08-18T19:47:23
2025-06-16,60,,,"120日>93 250日>95 50日>=90 + 前复权H/HHV(HIGH,250)>0.85",本机 extdata + gbbq 前复权回补（rps_backfill.py）,2026-08-18T19:47:23
2025-06-17,64,,,"120日>93 250日>95 50日>=90 + 前复权H/HHV(HIGH,250)>0.85",本机 extdata + gbbq 前复权回补（rps_backfill.py）,2026-08-18T19:47:23
2025-06-18,52,,,"120日>93 250日>95 50日>=90 + 前复权H/HHV(HIGH,250)>0.85",本机 extdata + gbbq 前复权回补（rps_backfill.py）,2026-08-18T19:47:23
2025-06-19,57,,,"120日>93 250日>95 50日>=90 + 前复权H/HHV(HIGH,250)>0.85",本机 extdata + gbbq 前复权回补（rps_backfill.py）,2026-08-18T19:47:23
2025-06-20,38,,,"120日>93 250日>95 50日>=90 + 前复权H/HHV(HIGH,250)>0.85",本机 extdata + gbbq 前复权回补（rps_backfill.py）,2026-08-18T19:47:23
2025-06-23,42,,,"120日>93 250日>95 50日>=90 + 前复权H/HHV(HIGH,250)>0.85",本机 extdata + gbbq 前复权回补（rps_backfill.py）,2026-08-18T19:47:23
2025-06-24,42,,,"120日>93 250日>95 50日>=90 + 前复权H/HHV(HIGH,250)>0.85",本机 extdata + gbbq 前复权回补（rps_backfill.py）,2026-08-18T19:47:23
2025-06-25,41,,,"120日>93 250日>95 50日>=90 + 前复权H/HHV(HIGH,250)>0.85",本机 extdata + gbbq 前复权回补（rps_backfill.py）,2026-08-18T19:47:23
2025-06-26,42,,,"120日>93 250日>95 50日>=90 + 前复权H/HHV(HIGH,250)>0.85",本机 extdata + gbbq 前复权回补（rps_backfill.py）,2026-08-18T19:47:23
2025-06-27,37,,,"120日>93 250日>95 50日>=90 + 前复权H/HHV(HIGH,250)>0.85",本机 extdata + gbbq 前复权回补（rps_backfill.py）,2026-08-18T19:47:23
2025-06-30,46,,,"120日>93 250日>95 50日>=90 + 前复权H/HHV(HIGH,250)>0.85",本机 extdata + gbbq 前复权回补（rps_backfill.py）,2026-08-18T19:47:23
2025-07-01,51,,,"120日>93 250日>95 50日>=90 + 前复权H/HHV(HIGH,250)>0.85",本机 extdata + gbbq 前复权回补（rps_backfill.py）,2026-08-18T19:47:23
2025-07-02,49,,,"120日>93 250日>95 50日>=90 + 前复权H/HHV(HIGH,250)>0.85",本机 extdata + gbbq 前复权回补（rps_backfill.py）,2026-08-18T19:47:23
2025-07-03,44,,,"120日>93 250日>95 50日>=90 + 前复权H/HHV(HIGH,250)>0.85",本机 extdata + gbbq 前复权回补（rps_backfill.py）,2026-08-18T19:47:23
2025-07-04,51,,,"120日>93 250日>95 50日>=90 + 前复权H/HHV(HIGH,250)>0.85",本机 extdata + gbbq 前复权回补（rps_backfill.py）,2026-08-18T19:47:23
2025-07-07,51,,,"120日>93 250日>95 50日>=90 + 前复权H/HHV(HIGH,250)>0.85",本机 extdata + gbbq 前复权回补（rps_backfill.py）,2026-08-18T19:47:23
2025-07-08,50,,,"120日>93 250日>95 50日>=90 + 前复权H/HHV(HIGH,250)>0.85",本机 extdata + gbbq 前复权回补（rps_backfill.py）,2026-08-18T19:47:23
2025-07-09,51,,,"120日>93 250日>95 50日>=90 + 前复权H/HHV(HIGH,250)>0.85",本机 extdata + gbbq 前复权回补（rps_backfill.py）,2026-08-18T19:47:23
2025-07-10,45,,,"120日>93 250日>95 50日>=90 + 前复权H/HHV(HIGH,250)>0.85",本机 extdata + gbbq 前复权回补（rps_backfill.py）,2026-08-18T19:47:23
2025-07-11,51,,,"120日>93 250日>95 50日>=90 + 前复权H/HHV(HIGH,250)>0.85",本机 extdata + gbbq 前复权回补（rps_backfill.py）,2026-08-18T19:47:23
2025-07-14,56,,,"120日>93 250日>95 50日>=90 + 前复权H/HHV(HIGH,250)>0.85",本机 extdata + gbbq 前复权回补（rps_backfill.py）,2026-08-18T19:47:23
2025-07-15,53,,,"120日>93 250日>95 50日>=90 + 前复权H/HHV(HIGH,250)>0.85",本机 extdata + gbbq 前复权回补（rps_backfill.py）,2026-08-18T19:47:23
2025-07-16,49,,,"120日>93 250日>95 50日>=90 + 前复权H/HHV(HIGH,250)>0.85",本机 extdata + gbbq 前复权回补（rps_backfill.py）,2026-08-18T19:47:23
2025-07-17,46,,,"120日>93 250日>95 50日>=90 + 前复权H/HHV(HIGH,250)>0.85",本机 extdata + gbbq 前复权回补（rps_backfill.py）,2026-08-18T19:47:23
2025-07-18,53,,,"120日>93 250日>95 50日>=90 + 前复权H/HHV(HIGH,250)>0.85",本机 extdata + gbbq 前复权回补（rps_backfill.py）,2026-08-18T19:47:23
2025-07-21,53,,,"120日>93 250日>95 50日>=90 + 前复权H/HHV(HIGH,250)>0.85",本机 extdata + gbbq 前复权回补（rps_backfill.py）,2026-08-18T19:47:23
2025-07-22,53,,,"120日>93 250日>95 50日>=90 + 前复权H/HHV(HIGH,250)>0.85",本机 extdata + gbbq 前复权回补（rps_backfill.py）,2026-08-18T19:47:23
2025-07-23,48,,,"120日>93 250日>95 50日>=90 + 前复权H/HHV(HIGH,250)>0.85",本机 extdata + gbbq 前复权回补（rps_backfill.py）,2026-08-18T19:47:23
2025-07-24,47,,,"120日>93 250日>95 50日>=90 + 前复权H/HHV(HIGH,250)>0.85",本机 extdata + gbbq 前复权回补（rps_backfill.py）,2026-08-18T19:47:23
2025-07-25,51,,,"120日>93 250日>95 50日>=90 + 前复权H/HHV(HIGH,250)>0.85",本机 extdata + gbbq 前复权回补（rps_backfill.py）,2026-08-18T19:47:23
2025-07-28,55,,,"120日>93 250日>95 50日>=90 + 前复权H/HHV(HIGH,250)>0.85",本机 extdata + gbbq 前复权回补（rps_backfill.py）,2026-08-18T19:47:23
2025-07-29,68,,,"120日>93 250日>95 50日>=90 + 前复权H/HHV(HIGH,250)>0.85",本机 extdata + gbbq 前复权回补（rps_backfill.py）,2026-08-18T19:47:23
2025-07-30,65,,,"120日>93 250日>95 50日>=90 + 前复权H/HHV(HIGH,250)>0.85",本机 extdata + gbbq 前复权回补（rps_backfill.py）,2026-08-18T19:47:23
2025-07-31,65,,,"120日>93 250日>95 50日>=90 + 前复权H/HHV(HIGH,250)>0.85",本机 extdata + gbbq 前复权回补（rps_backfill.py）,2026-08-18T19:47:23
2025-08-01,64,,,"120日>93 250日>95 50日>=90 + 前复权H/HHV(HIGH,250)>0.85",本机 extdata + gbbq 前复权回补（rps_backfill.py）,2026-08-18T19:47:23
2025-08-04,65,,,"120日>93 250日>95 50日>=90 + 前复权H/HHV(HIGH,250)>0.85",本机 extdata + gbbq 前复权回补（rps_backfill.py）,2026-08-18T19:47:23
2025-08-05,70,,,"120日>93 250日>95 50日>=90 + 前复权H/HHV(HIGH,250)>0.85",本机 extdata + gbbq 前复权回补（rps_backfill.py）,2026-08-18T19:47:23
2025-08-06,71,,,"120日>93 250日>95 50日>=90 + 前复权H/HHV(HIGH,250)>0.85",本机 extdata + gbbq 前复权回补（rps_backfill.py）,2026-08-18T19:47:23
2025-08-07,72,,,"120日>93 250日>95 50日>=90 + 前复权H/HHV(HIGH,250)>0.85",本机 extdata + gbbq 前复权回补（rps_backfill.py）,2026-08-18T19:47:23
2025-08-08,75,,,"120日>93 250日>95 50日>=90 + 前复权H/HHV(HIGH,250)>0.85",本机 extdata + gbbq 前复权回补（rps_backfill.py）,2026-08-18T19:47:23
2025-08-11,79,,,"120日>93 250日>95 50日>=90 + 前复权H/HHV(HIGH,250)>0.85",本机 extdata + gbbq 前复权回补（rps_backfill.py）,2026-08-18T19:47:23
2025-08-12,75,,,"120日>93 250日>95 50日>=90 + 前复权H/HHV(HIGH,250)>0.85",本机 extdata + gbbq 前复权回补（rps_backfill.py）,2026-08-18T19:47:23
2025-08-13,80,,,"120日>93 250日>95 50日>=90 + 前复权H/HHV(HIGH,250)>0.85",本机 extdata + gbbq 前复权回补（rps_backfill.py）,2026-08-18T19:47:23
2025-08-14,87,,,"120日>93 250日>95 50日>=90 + 前复权H/HHV(HIGH,250)>0.85",本机 extdata + gbbq 前复权回补（rps_backfill.py）,2026-08-18T19:47:23
2025-08-15,90,,,"120日>93 250日>95 50日>=90 + 前复权H/HHV(HIGH,250)>0.85",本机 extdata + gbbq 前复权回补（rps_backfill.py）,2026-08-18T19:47:23
2025-08-18,93,,,"120日>93 250日>95 50日>=90 + 前复权H/HHV(HIGH,250)>0.85",本机 extdata + gbbq 前复权回补（rps_backfill.py）,2026-08-18T19:47:23
2025-08-19,92,,,"120日>93 250日>95 50日>=90 + 前复权H/HHV(HIGH,250)>0.85",本机 extdata + gbbq 前复权回补（rps_backfill.py）,2026-08-18T19:47:23
2025-08-20,85,,,"120日>93 250日>95 50日>=90 + 前复权H/HHV(HIGH,250)>0.85",本机 extdata + gbbq 前复权回补（rps_backfill.py）,2026-08-18T19:47:23
2025-08-21,76,,,"120日>93 250日>95 50日>=90 + 前复权H/HHV(HIGH,250)>0.85",本机 extdata + gbbq 前复权回补（rps_backfill.py）,2026-08-18T19:47:23
2025-08-22,76,,,"120日>93 250日>95 50日>=90 + 前复权H/HHV(HIGH,250)>0.85",本机 extdata + gbbq 前复权回补（rps_backfill.py）,2026-08-18T19:47:23
2025-08-25,78,,,"120日>93 250日>95 50日>=90 + 前复权H/HHV(HIGH,250)>0.85",本机 extdata + gbbq 前复权回补（rps_backfill.py）,2026-08-18T19:47:23
2025-08-26,80,,,"120日>93 250日>95 50日>=90 + 前复权H/HHV(HIGH,250)>0.85",本机 extdata + gbbq 前复权回补（rps_backfill.py）,2026-08-18T19:47:23
2025-08-27,76,,,"120日>93 250日>95 50日>=90 + 前复权H/HHV(HIGH,250)>0.85",本机 extdata + gbbq 前复权回补（rps_backfill.py）,2026-08-18T19:47:23
2025-08-28,78,,,"120日>93 250日>95 50日>=90 + 前复权H/HHV(HIGH,250)>0.85",本机 extdata + gbbq 前复权回补（rps_backfill.py）,2026-08-18T19:47:23
2025-08-29,78,,,"120日>93 250日>95 50日>=90 + 前复权H/HHV(HIGH,250)>0.85",本机 extdata + gbbq 前复权回补（rps_backfill.py）,2026-08-18T19:47:23
2025-09-01,86,,,"120日>93 250日>95 50日>=90 + 前复权H/HHV(HIGH,250)>0.85",本机 extdata + gbbq 前复权回补（rps_backfill.py）,2026-08-18T19:47:23
2025-09-02,72,,,"120日>93 250日>95 50日>=90 + 前复权H/HHV(HIGH,250)>0.85",本机 extdata + gbbq 前复权回补（rps_backfill.py）,2026-08-18T19:47:23
2025-09-03,66,,,"120日>93 250日>95 50日>=90 + 前复权H/HHV(HIGH,250)>0.85",本机 extdata + gbbq 前复权回补（rps_backfill.py）,2026-08-18T19:47:23
2025-09-04,52,,,"120日>93 250日>95 50日>=90 + 前复权H/HHV(HIGH,250)>0.85",本机 extdata + gbbq 前复权回补（rps_backfill.py）,2026-08-18T19:47:23
2025-09-05,49,,,"120日>93 250日>95 50日>=90 + 前复权H/HHV(HIGH,250)>0.85",本机 extdata + gbbq 前复权回补（rps_backfill.py）,2026-08-18T19:47:23
2025-09-08,49,,,"120日>93 250日>95 50日>=90 + 前复权H/HHV(HIGH,250)>0.85",本机 extdata + gbbq 前复权回补（rps_backfill.py）,2026-08-18T19:47:23
2025-09-09,49,,,"120日>93 250日>95 50日>=90 + 前复权H/HHV(HIGH,250)>0.85",本机 extdata + gbbq 前复权回补（rps_backfill.py）,2026-08-18T19:47:23
2025-09-10,58,,,"120日>93 250日>95 50日>=90 + 前复权H/HHV(HIGH,250)>0.85",本机 extdata + gbbq 前复权回补（rps_backfill.py）,2026-08-18T19:47:23
2025-09-11,65,,,"120日>93 250日>95 50日>=90 + 前复权H/HHV(HIGH,250)>0.85",本机 extdata + gbbq 前复权回补（rps_backfill.py）,2026-08-18T19:47:23
2025-09-12,74,,,"120日>93 250日>95 50日>=90 + 前复权H/HHV(HIGH,250)>0.85",本机 extdata + gbbq 前复权回补（rps_backfill.py）,2026-08-18T19:47:23
2025-09-15,79,,,"120日>93 250日>95 50日>=90 + 前复权H/HHV(HIGH,250)>0.85",本机 extdata + gbbq 前复权回补（rps_backfill.py）,2026-08-18T19:47:23
2025-09-16,84,,,"120日>93 250日>95 50日>=90 + 前复权H/HHV(HIGH,250)>0.85",本机 extdata + gbbq 前复权回补（rps_backfill.py）,2026-08-18T19:47:23
2025-09-17,94,,,"120日>93 250日>95 50日>=90 + 前复权H/HHV(HIGH,250)>0.85",本机 extdata + gbbq 前复权回补（rps_backfill.py）,2026-08-18T19:47:23
2025-09-18,99,,,"120日>93 250日>95 50日>=90 + 前复权H/HHV(HIGH,250)>0.85",本机 extdata + gbbq 前复权回补（rps_backfill.py）,2026-08-18T19:47:23
2025-09-19,92,,,"120日>93 250日>95 50日>=90 + 前复权H/HHV(HIGH,250)>0.85",本机 extdata + gbbq 前复权回补（rps_backfill.py）,2026-08-18T19:47:23
2025-09-22,98,,,"120日>93 250日>95 50日>=90 + 前复权H/HHV(HIGH,250)>0.85",本机 extdata + gbbq 前复权回补（rps_backfill.py）,2026-08-18T19:47:23
2025-09-23,110,,,"120日>93 250日>95 50日>=90 + 前复权H/HHV(HIGH,250)>0.85",本机 extdata + gbbq 前复权回补（rps_backfill.py）,2026-08-18T19:47:23
2025-09-24,96,,,"120日>93 250日>95 50日>=90 + 前复权H/HHV(HIGH,250)>0.85",本机 extdata + gbbq 前复权回补（rps_backfill.py）,2026-08-18T19:47:23
2025-09-25,96,,,"120日>93 250日>95 50日>=90 + 前复权H/HHV(HIGH,250)>0.85",本机 extdata + gbbq 前复权回补（rps_backfill.py）,2026-08-18T19:47:23
2025-09-26,89,,,"120日>93 250日>95 50日>=90 + 前复权H/HHV(HIGH,250)>0.85",本机 extdata + gbbq 前复权回补（rps_backfill.py）,2026-08-18T19:47:23
2025-09-29,83,,,"120日>93 250日>95 50日>=90 + 前复权H/HHV(HIGH,250)>0.85",本机 extdata + gbbq 前复权回补（rps_backfill.py）,2026-08-18T19:47:23
2025-09-30,85,,,"120日>93 250日>95 50日>=90 + 前复权H/HHV(HIGH,250)>0.85",本机 extdata + gbbq 前复权回补（rps_backfill.py）,2026-08-18T19:47:23
2025-10-09,83,,,"120日>93 250日>95 50日>=90 + 前复权H/HHV(HIGH,250)>0.85",本机 extdata + gbbq 前复权回补（rps_backfill.py）,2026-08-18T19:47:23
2025-10-10,71,,,"120日>93 250日>95 50日>=90 + 前复权H/HHV(HIGH,250)>0.85",本机 extdata + gbbq 前复权回补（rps_backfill.py）,2026-08-18T19:47:23
2025-10-13,61,,,"120日>93 250日>95 50日>=90 + 前复权H/HHV(HIGH,250)>0.85",本机 extdata + gbbq 前复权回补（rps_backfill.py）,2026-08-18T19:47:23
2025-10-14,61,,,"120日>93 250日>95 50日>=90 + 前复权H/HHV(HIGH,250)>0.85",本机 extdata + gbbq 前复权回补（rps_backfill.py）,2026-08-18T19:47:23
2025-10-15,52,,,"120日>93 250日>95 50日>=90 + 前复权H/HHV(HIGH,250)>0.85",本机 extdata + gbbq 前复权回补（rps_backfill.py）,2026-08-18T19:47:23
2025-10-16,63,,,"120日>93 250日>95 50日>=90 + 前复权H/HHV(HIGH,250)>0.85",本机 extdata + gbbq 前复权回补（rps_backfill.py）,2026-08-18T19:47:23
2025-10-17,61,,,"120日>93 250日>95 50日>=90 + 前复权H/HHV(HIGH,250)>0.85",本机 extdata + gbbq 前复权回补（rps_backfill.py）,2026-08-18T19:47:23
2025-10-20,57,,,"120日>93 250日>95 50日>=90 + 前复权H/HHV(HIGH,250)>0.85",本机 extdata + gbbq 前复权回补（rps_backfill.py）,2026-08-18T19:47:23
2025-10-21,60,,,"120日>93 250日>95 50日>=90 + 前复权H/HHV(HIGH,250)>0.85",本机 extdata + gbbq 前复权回补（rps_backfill.py）,2026-08-18T19:47:23
2025-10-22,62,,,"120日>93 250日>95 50日>=90 + 前复权H/HHV(HIGH,250)>0.85",本机 extdata + gbbq 前复权回补（rps_backfill.py）,2026-08-18T19:47:23
2025-10-23,59,,,"120日>93 250日>95 50日>=90 + 前复权H/HHV(HIGH,250)>0.85",本机 extdata + gbbq 前复权回补（rps_backfill.py）,2026-08-18T19:47:23
2025-10-24,63,,,"120日>93 250日>95 50日>=90 + 前复权H/HHV(HIGH,250)>0.85",本机 extdata + gbbq 前复权回补（rps_backfill.py）,2026-08-18T19:47:23
2025-10-27,79,,,"120日>93 250日>95 50日>=90 + 前复权H/HHV(HIGH,250)>0.85",本机 extdata + gbbq 前复权回补（rps_backfill.py）,2026-08-18T19:47:23
2025-10-28,83,,,"120日>93 250日>95 50日>=90 + 前复权H/HHV(HIGH,250)>0.85",本机 extdata + gbbq 前复权回补（rps_backfill.py）,2026-08-18T19:47:23
2025-10-29,95,,,"120日>93 250日>95 50日>=90 + 前复权H/HHV(HIGH,250)>0.85",本机 extdata + gbbq 前复权回补（rps_backfill.py）,2026-08-18T19:47:23
2025-10-30,88,,,"120日>93 250日>95 50日>=90 + 前复权H/HHV(HIGH,250)>0.85",本机 extdata + gbbq 前复权回补（rps_backfill.py）,2026-08-18T19:47:23
2025-10-31,85,,,"120日>93 250日>95 50日>=90 + 前复权H/HHV(HIGH,250)>0.85",本机 extdata + gbbq 前复权回补（rps_backfill.py）,2026-08-18T19:47:23
2025-11-03,81,,,"120日>93 250日>95 50日>=90 + 前复权H/HHV(HIGH,250)>0.85",本机 extdata + gbbq 前复权回补（rps_backfill.py）,2026-08-18T19:47:23
2025-11-04,79,,,"120日>93 250日>95 50日>=90 + 前复权H/HHV(HIGH,250)>0.85",本机 extdata + gbbq 前复权回补（rps_backfill.py）,2026-08-18T19:47:23
2025-11-05,75,,,"120日>93 250日>95 50日>=90 + 前复权H/HHV(HIGH,250)>0.85",本机 extdata + gbbq 前复权回补（rps_backfill.py）,2026-08-18T19:47:23
2025-11-06,82,,,"120日>93 250日>95 50日>=90 + 前复权H/HHV(HIGH,250)>0.85",本机 extdata + gbbq 前复权回补（rps_backfill.py）,2026-08-18T19:47:23
2025-11-07,82,,,"120日>93 250日>95 50日>=90 + 前复权H/HHV(HIGH,250)>0.85",本机 extdata + gbbq 前复权回补（rps_backfill.py）,2026-08-18T19:47:23
2025-11-10,83,,,"120日>93 250日>95 50日>=90 + 前复权H/HHV(HIGH,250)>0.85",本机 extdata + gbbq 前复权回补（rps_backfill.py）,2026-08-18T19:47:23
2025-11-11,77,,,"120日>93 250日>95 50日>=90 + 前复权H/HHV(HIGH,250)>0.85",本机 extdata + gbbq 前复权回补（rps_backfill.py）,2026-08-18T19:47:23
2025-11-12,77,,,"120日>93 250日>95 50日>=90 + 前复权H/HHV(HIGH,250)>0.85",本机 extdata + gbbq 前复权回补（rps_backfill.py）,2026-08-18T19:47:23
2025-11-13,83,,,"120日>93 250日>95 50日>=90 + 前复权H/HHV(HIGH,250)>0.85",本机 extdata + gbbq 前复权回补（rps_backfill.py）,2026-08-18T19:47:23
2025-11-14,78,,,"120日>93 250日>95 50日>=90 + 前复权H/HHV(HIGH,250)>0.85",本机 extdata + gbbq 前复权回补（rps_backfill.py）,2026-08-18T19:47:23
2025-11-17,79,,,"120日>93 250日>95 50日>=90 + 前复权H/HHV(HIGH,250)>0.85",本机 extdata + gbbq 前复权回补（rps_backfill.py）,2026-08-18T19:47:23
2025-11-18,69,,,"120日>93 250日>95 50日>=90 + 前复权H/HHV(HIGH,250)>0.85",本机 extdata + gbbq 前复权回补（rps_backfill.py）,2026-08-18T19:47:23
2025-11-19,68,,,"120日>93 250日>95 50日>=90 + 前复权H/HHV(HIGH,250)>0.85",本机 extdata + gbbq 前复权回补（rps_backfill.py）,2026-08-18T19:47:23
2025-11-20,69,,,"120日>93 250日>95 50日>=90 + 前复权H/HHV(HIGH,250)>0.85",本机 extdata + gbbq 前复权回补（rps_backfill.py）,2026-08-18T19:47:23
2025-11-21,54,,,"120日>93 250日>95 50日>=90 + 前复权H/HHV(HIGH,250)>0.85",本机 extdata + gbbq 前复权回补（rps_backfill.py）,2026-08-18T19:47:23
2025-11-24,45,,,"120日>93 250日>95 50日>=90 + 前复权H/HHV(HIGH,250)>0.85",本机 extdata + gbbq 前复权回补（rps_backfill.py）,2026-08-18T19:47:23
2025-11-25,57,,,"120日>93 250日>95 50日>=90 + 前复权H/HHV(HIGH,250)>0.85",本机 extdata + gbbq 前复权回补（rps_backfill.py）,2026-08-18T19:47:23
2025-11-26,55,,,"120日>93 250日>95 50日>=90 + 前复权H/HHV(HIGH,250)>0.85",本机 extdata + gbbq 前复权回补（rps_backfill.py）,2026-08-18T19:47:23
2025-11-27,61,,,"120日>93 250日>95 50日>=90 + 前复权H/HHV(HIGH,250)>0.85",本机 extdata + gbbq 前复权回补（rps_backfill.py）,2026-08-18T19:47:23
2025-11-28,53,,,"120日>93 250日>95 50日>=90 + 前复权H/HHV(HIGH,250)>0.85",本机 extdata + gbbq 前复权回补（rps_backfill.py）,2026-08-18T19:47:23
2025-12-01,58,,,"120日>93 250日>95 50日>=90 + 前复权H/HHV(HIGH,250)>0.85",本机 extdata + gbbq 前复权回补（rps_backfill.py）,2026-08-18T19:47:23
2025-12-02,56,,,"120日>93 250日>95 50日>=90 + 前复权H/HHV(HIGH,250)>0.85",本机 extdata + gbbq 前复权回补（rps_backfill.py）,2026-08-18T19:47:23
2025-12-03,64,,,"120日>93 250日>95 50日>=90 + 前复权H/HHV(HIGH,250)>0.85",本机 extdata + gbbq 前复权回补（rps_backfill.py）,2026-08-18T19:47:23
2025-12-04,55,,,"120日>93 250日>95 50日>=90 + 前复权H/HHV(HIGH,250)>0.85",本机 extdata + gbbq 前复权回补（rps_backfill.py）,2026-08-18T19:47:23
2025-12-05,57,,,"120日>93 250日>95 50日>=90 + 前复权H/HHV(HIGH,250)>0.85",本机 extdata + gbbq 前复权回补（rps_backfill.py）,2026-08-18T19:47:23
2025-12-08,63,,,"120日>93 250日>95 50日>=90 + 前复权H/HHV(HIGH,250)>0.85",本机 extdata + gbbq 前复权回补（rps_backfill.py）,2026-08-18T19:47:23
2025-12-09,64,,,"120日>93 250日>95 50日>=90 + 前复权H/HHV(HIGH,250)>0.85",本机 extdata + gbbq 前复权回补（rps_backfill.py）,2026-08-18T19:47:23
2025-12-10,65,,,"120日>93 250日>95 50日>=90 + 前复权H/HHV(HIGH,250)>0.85",本机 extdata + gbbq 前复权回补（rps_backfill.py）,2026-08-18T19:47:23
2025-12-11,66,,,"120日>93 250日>95 50日>=90 + 前复权H/HHV(HIGH,250)>0.85",本机 extdata + gbbq 前复权回补（rps_backfill.py）,2026-08-18T19:47:23
2025-12-12,68,,,"120日>93 250日>95 50日>=90 + 前复权H/HHV(HIGH,250)>0.85",本机 extdata + gbbq 前复权回补（rps_backfill.py）,2026-08-18T19:47:23
2025-12-15,72,,,"120日>93 250日>95 50日>=90 + 前复权H/HHV(HIGH,250)>0.85",本机 extdata + gbbq 前复权回补（rps_backfill.py）,2026-08-18T19:47:23
2025-12-16,64,,,"120日>93 250日>95 50日>=90 + 前复权H/HHV(HIGH,250)>0.85",本机 extdata + gbbq 前复权回补（rps_backfill.py）,2026-08-18T19:47:23
2025-12-17,72,,,"120日>93 250日>95 50日>=90 + 前复权H/HHV(HIGH,250)>0.85",本机 extdata + gbbq 前复权回补（rps_backfill.py）,2026-08-18T19:47:23
2025-12-18,74,,,"120日>93 250日>95 50日>=90 + 前复权H/HHV(HIGH,250)>0.85",本机 extdata + gbbq 前复权回补（rps_backfill.py）,2026-08-18T19:47:23
2025-12-19,74,,,"120日>93 250日>95 50日>=90 + 前复权H/HHV(HIGH,250)>0.85",本机 extdata + gbbq 前复权回补（rps_backfill.py）,2026-08-18T19:47:23
2025-12-22,81,,,"120日>93 250日>95 50日>=90 + 前复权H/HHV(HIGH,250)>0.85",本机 extdata + gbbq 前复权回补（rps_backfill.py）,2026-08-18T19:47:23
2025-12-23,102,,,"120日>93 250日>95 50日>=90 + 前复权H/HHV(HIGH,250)>0.85",本机 extdata + gbbq 前复权回补（rps_backfill.py）,2026-08-18T19:47:23
2025-12-24,98,,,"120日>93 250日>95 50日>=90 + 前复权H/HHV(HIGH,250)>0.85",本机 extdata + gbbq 前复权回补（rps_backfill.py）,2026-08-18T19:47:23
2025-12-25,101,,,"120日>93 250日>95 50日>=90 + 前复权H/HHV(HIGH,250)>0.85",本机 extdata + gbbq 前复权回补（rps_backfill.py）,2026-08-18T19:47:23
2025-12-26,105,,,"120日>93 250日>95 50日>=90 + 前复权H/HHV(HIGH,250)>0.85",本机 extdata + gbbq 前复权回补（rps_backfill.py）,2026-08-18T19:47:23
2025-12-29,104,,,"120日>93 250日>95 50日>=90 + 前复权H/HHV(HIGH,250)>0.85",本机 extdata + gbbq 前复权回补（rps_backfill.py）,2026-08-18T19:47:23
2025-12-30,102,,,"120日>93 250日>95 50日>=90 + 前复权H/HHV(HIGH,250)>0.85",本机 extdata + gbbq 前复权回补（rps_backfill.py）,2026-08-18T19:47:23
2025-12-31,95,,,"120日>93 250日>95 50日>=90 + 前复权H/HHV(HIGH,250)>0.85",本机 extdata + gbbq 前复权回补（rps_backfill.py）,2026-08-18T19:47:23
2026-01-05,102,,,"120日>93 250日>95 50日>=90 + 前复权H/HHV(HIGH,250)>0.85",本机 extdata + gbbq 前复权回补（rps_backfill.py）,2026-08-18T19:47:23
2026-01-06,98,,,"120日>93 250日>95 50日>=90 + 前复权H/HHV(HIGH,250)>0.85",本机 extdata + gbbq 前复权回补（rps_backfill.py）,2026-08-18T19:47:23
2026-01-07,95,,,"120日>93 250日>95 50日>=90 + 前复权H/HHV(HIGH,250)>0.85",本机 extdata + gbbq 前复权回补（rps_backfill.py）,2026-08-18T19:47:23
2026-01-08,95,,,"120日>93 250日>95 50日>=90 + 前复权H/HHV(HIGH,250)>0.85",本机 extdata + gbbq 前复权回补（rps_backfill.py）,2026-08-18T19:47:23
2026-01-09,96,,,"120日>93 250日>95 50日>=90 + 前复权H/HHV(HIGH,250)>0.85",本机 extdata + gbbq 前复权回补（rps_backfill.py）,2026-08-18T19:47:23
2026-01-12,106,,,"120日>93 250日>95 50日>=90 + 前复权H/HHV(HIGH,250)>0.85",本机 extdata + gbbq 前复权回补（rps_backfill.py）,2026-08-18T19:47:23
2026-01-13,107,,,"120日>93 250日>95 50日>=90 + 前复权H/HHV(HIGH,250)>0.85",本机 extdata + gbbq 前复权回补（rps_backfill.py）,2026-08-18T19:47:23
2026-01-14,110,,,"120日>93 250日>95 50日>=90 + 前复权H/HHV(HIGH,250)>0.85",本机 extdata + gbbq 前复权回补（rps_backfill.py）,2026-08-18T19:47:23
2026-01-15,103,,,"120日>93 250日>95 50日>=90 + 前复权H/HHV(HIGH,250)>0.85",本机 extdata + gbbq 前复权回补（rps_backfill.py）,2026-08-18T19:47:23
2026-01-16,96,,,"120日>93 250日>95 50日>=90 + 前复权H/HHV(HIGH,250)>0.85",本机 extdata + gbbq 前复权回补（rps_backfill.py）,2026-08-18T19:47:23
2026-01-19,96,,,"120日>93 250日>95 50日>=90 + 前复权H/HHV(HIGH,250)>0.85",本机 extdata + gbbq 前复权回补（rps_backfill.py）,2026-08-18T19:47:23
2026-01-20,95,,,"120日>93 250日>95 50日>=90 + 前复权H/HHV(HIGH,250)>0.85",本机 extdata + gbbq 前复权回补（rps_backfill.py）,2026-08-18T19:47:23
2026-01-21,102,,,"120日>93 250日>95 50日>=90 + 前复权H/HHV(HIGH,250)>0.85",本机 extdata + gbbq 前复权回补（rps_backfill.py）,2026-08-18T19:47:23
2026-01-22,103,,,"120日>93 250日>95 50日>=90 + 前复权H/HHV(HIGH,250)>0.85",本机 extdata + gbbq 前复权回补（rps_backfill.py）,2026-08-18T19:47:23
2026-01-23,108,,,"120日>93 250日>95 50日>=90 + 前复权H/HHV(HIGH,250)>0.85",本机 extdata + gbbq 前复权回补（rps_backfill.py）,2026-08-18T19:47:23
2026-01-26,112,,,"120日>93 250日>95 50日>=90 + 前复权H/HHV(HIGH,250)>0.85",本机 extdata + gbbq 前复权回补（rps_backfill.py）,2026-08-18T19:47:23
2026-01-27,110,,,"120日>93 250日>95 50日>=90 + 前复权H/HHV(HIGH,250)>0.85",本机 extdata + gbbq 前复权回补（rps_backfill.py）,2026-08-18T19:47:23
2026-01-28,117,,,"120日>93 250日>95 50日>=90 + 前复权H/HHV(HIGH,250)>0.85",本机 extdata + gbbq 前复权回补（rps_backfill.py）,2026-08-18T19:47:23
2026-01-29,116,,,"120日>93 250日>95 50日>=90 + 前复权H/HHV(HIGH,250)>0.85",本机 extdata + gbbq 前复权回补（rps_backfill.py）,2026-08-18T19:47:23
2026-01-30,101,,,"120日>93 250日>95 50日>=90 + 前复权H/HHV(HIGH,250)>0.85",本机 extdata + gbbq 前复权回补（rps_backfill.py）,2026-08-18T19:47:23
2026-02-02,82,,,"120日>93 250日>95 50日>=90 + 前复权H/HHV(HIGH,250)>0.85",本机 extdata + gbbq 前复权回补（rps_backfill.py）,2026-08-18T19:47:23
2026-02-03,90,,,"120日>93 250日>95 50日>=90 + 前复权H/HHV(HIGH,250)>0.85",本机 extdata + gbbq 前复权回补（rps_backfill.py）,2026-08-18T19:47:23
2026-02-04,87,,,"120日>93 250日>95 50日>=90 + 前复权H/HHV(HIGH,250)>0.85",本机 extdata + gbbq 前复权回补（rps_backfill.py）,2026-08-18T19:47:23
2026-02-05,76,,,"120日>93 250日>95 50日>=90 + 前复权H/HHV(HIGH,250)>0.85",本机 extdata + gbbq 前复权回补（rps_backfill.py）,2026-08-18T19:47:23
2026-02-06,70,,,"120日>93 250日>95 50日>=90 + 前复权H/HHV(HIGH,250)>0.85",本机 extdata + gbbq 前复权回补（rps_backfill.py）,2026-08-18T19:47:23
2026-02-09,83,,,"120日>93 250日>95 50日>=90 + 前复权H/HHV(HIGH,250)>0.85",本机 extdata + gbbq 前复权回补（rps_backfill.py）,2026-08-18T19:47:23
2026-02-10,87,,,"120日>93 250日>95 50日>=90 + 前复权H/HHV(HIGH,250)>0.85",本机 extdata + gbbq 前复权回补（rps_backfill.py）,2026-08-18T19:47:23
2026-02-11,78,,,"120日>93 250日>95 50日>=90 + 前复权H/HHV(HIGH,250)>0.85",本机 extdata + gbbq 前复权回补（rps_backfill.py）,2026-08-18T19:47:23
2026-02-12,76,,,"120日>93 250日>95 50日>=90 + 前复权H/HHV(HIGH,250)>0.85",本机 extdata + gbbq 前复权回补（rps_backfill.py）,2026-08-18T19:47:23
2026-02-13,76,,,"120日>93 250日>95 50日>=90 + 前复权H/HHV(HIGH,250)>0.85",本机 extdata + gbbq 前复权回补（rps_backfill.py）,2026-08-18T19:47:23
2026-02-24,78,,,"120日>93 250日>95 50日>=90 + 前复权H/HHV(HIGH,250)>0.85",本机 extdata + gbbq 前复权回补（rps_backfill.py）,2026-08-18T19:47:23
2026-02-25,79,,,"120日>93 250日>95 50日>=90 + 前复权H/HHV(HIGH,250)>0.85",本机 extdata + gbbq 前复权回补（rps_backfill.py）,2026-08-18T19:47:23
2026-02-26,80,,,"120日>93 250日>95 50日>=90 + 前复权H/HHV(HIGH,250)>0.85",本机 extdata + gbbq 前复权回补（rps_backfill.py）,2026-08-18T19:47:23
2026-02-27,92,,,"120日>93 250日>95 50日>=90 + 前复权H/HHV(HIGH,250)>0.85",本机 extdata + gbbq 前复权回补（rps_backfill.py）,2026-08-18T19:47:23
2026-03-02,96,,,"120日>93 250日>95 50日>=90 + 前复权H/HHV(HIGH,250)>0.85",本机 extdata + gbbq 前复权回补（rps_backfill.py）,2026-08-18T19:47:23
2026-03-03,92,,,"120日>93 250日>95 50日>=90 + 前复权H/HHV(HIGH,250)>0.85",本机 extdata + gbbq 前复权回补（rps_backfill.py）,2026-08-18T19:47:23
2026-03-04,80,,,"120日>93 250日>95 50日>=90 + 前复权H/HHV(HIGH,250)>0.85",本机 extdata + gbbq 前复权回补（rps_backfill.py）,2026-08-18T19:47:23
2026-03-05,85,,,"120日>93 250日>95 50日>=90 + 前复权H/HHV(HIGH,250)>0.85",本机 extdata + gbbq 前复权回补（rps_backfill.py）,2026-08-18T19:47:23
2026-03-06,79,,,"120日>93 250日>95 50日>=90 + 前复权H/HHV(HIGH,250)>0.85",本机 extdata + gbbq 前复权回补（rps_backfill.py）,2026-08-18T19:47:23
2026-03-09,71,,,"120日>93 250日>95 50日>=90 + 前复权H/HHV(HIGH,250)>0.85",本机 extdata + gbbq 前复权回补（rps_backfill.py）,2026-08-18T19:47:23
2026-03-10,81,,,"120日>93 250日>95 50日>=90 + 前复权H/HHV(HIGH,250)>0.85",本机 extdata + gbbq 前复权回补（rps_backfill.py）,2026-08-18T19:47:23
2026-03-11,83,,,"120日>93 250日>95 50日>=90 + 前复权H/HHV(HIGH,250)>0.85",本机 extdata + gbbq 前复权回补（rps_backfill.py）,2026-08-18T19:47:23
2026-03-12,74,,,"120日>93 250日>95 50日>=90 + 前复权H/HHV(HIGH,250)>0.85",本机 extdata + gbbq 前复权回补（rps_backfill.py）,2026-08-18T19:47:23
2026-03-13,63,,,"120日>93 250日>95 50日>=90 + 前复权H/HHV(HIGH,250)>0.85",本机 extdata + gbbq 前复权回补（rps_backfill.py）,2026-08-18T19:47:23
2026-03-16,67,,,"120日>93 250日>95 50日>=90 + 前复权H/HHV(HIGH,250)>0.85",本机 extdata + gbbq 前复权回补（rps_backfill.py）,2026-08-18T19:47:23
2026-03-17,63,,,"120日>93 250日>95 50日>=90 + 前复权H/HHV(HIGH,250)>0.85",本机 extdata + gbbq 前复权回补（rps_backfill.py）,2026-08-18T19:47:23
2026-03-18,53,,,"120日>93 250日>95 50日>=90 + 前复权H/HHV(HIGH,250)>0.85",本机 extdata + gbbq 前复权回补（rps_backfill.py）,2026-08-18T19:47:23
2026-03-19,56,,,"120日>93 250日>95 50日>=90 + 前复权H/HHV(HIGH,250)>0.85",本机 extdata + gbbq 前复权回补（rps_backfill.py）,2026-08-18T19:47:23
2026-03-20,65,,,"120日>93 250日>95 50日>=90 + 前复权H/HHV(HIGH,250)>0.85",本机 extdata + gbbq 前复权回补（rps_backfill.py）,2026-08-18T19:47:23
2026-03-23,44,,,"120日>93 250日>95 50日>=90 + 前复权H/HHV(HIGH,250)>0.85",本机 extdata + gbbq 前复权回补（rps_backfill.py）,2026-08-18T19:47:23
2026-03-24,46,,,"120日>93 250日>95 50日>=90 + 前复权H/HHV(HIGH,250)>0.85",本机 extdata + gbbq 前复权回补（rps_backfill.py）,2026-08-18T19:47:23
2026-03-25,56,,,"120日>93 250日>95 50日>=90 + 前复权H/HHV(HIGH,250)>0.85",本机 extdata + gbbq 前复权回补（rps_backfill.py）,2026-08-18T19:47:23
2026-03-26,54,,,"120日>93 250日>95 50日>=90 + 前复权H/HHV(HIGH,250)>0.85",本机 extdata + gbbq 前复权回补（rps_backfill.py）,2026-08-18T19:47:23
2026-03-27,60,,,"120日>93 250日>95 50日>=90 + 前复权H/HHV(HIGH,250)>0.85",本机 extdata + gbbq 前复权回补（rps_backfill.py）,2026-08-18T19:47:23
2026-03-30,69,,,"120日>93 250日>95 50日>=90 + 前复权H/HHV(HIGH,250)>0.85",本机 extdata + gbbq 前复权回补（rps_backfill.py）,2026-08-18T19:47:23
2026-03-31,60,,,"120日>93 250日>95 50日>=90 + 前复权H/HHV(HIGH,250)>0.85",本机 extdata + gbbq 前复权回补（rps_backfill.py）,2026-08-18T19:47:23
2026-04-01,62,,,"120日>93 250日>95 50日>=90 + 前复权H/HHV(HIGH,250)>0.85",本机 extdata + gbbq 前复权回补（rps_backfill.py）,2026-08-18T19:47:23
2026-04-02,66,,,"120日>93 250日>95 50日>=90 + 前复权H/HHV(HIGH,250)>0.85",本机 extdata + gbbq 前复权回补（rps_backfill.py）,2026-08-18T19:47:23
2026-04-03,71,,,"120日>93 250日>95 50日>=90 + 前复权H/HHV(HIGH,250)>0.85",本机 extdata + gbbq 前复权回补（rps_backfill.py）,2026-08-18T19:47:23
2026-04-07,70,,,"120日>93 250日>95 50日>=90 + 前复权H/HHV(HIGH,250)>0.85",本机 extdata + gbbq 前复权回补（rps_backfill.py）,2026-08-18T19:47:23
2026-04-08,86,,,"120日>93 250日>95 50日>=90 + 前复权H/HHV(HIGH,250)>0.85",本机 extdata + gbbq 前复权回补（rps_backfill.py）,2026-08-18T19:47:23
2026-04-09,95,,,"120日>93 250日>95 50日>=90 + 前复权H/HHV(HIGH,250)>0.85",本机 extdata + gbbq 前复权回补（rps_backfill.py）,2026-08-18T19:47:23
2026-04-10,95,,,"120日>93 250日>95 50日>=90 + 前复权H/HHV(HIGH,250)>0.85",本机 extdata + gbbq 前复权回补（rps_backfill.py）,2026-08-18T19:47:23
2026-04-13,100,,,"120日>93 250日>95 50日>=90 + 前复权H/HHV(HIGH,250)>0.85",本机 extdata + gbbq 前复权回补（rps_backfill.py）,2026-08-18T19:47:23
2026-04-14,101,,,"120日>93 250日>95 50日>=90 + 前复权H/HHV(HIGH,250)>0.85",本机 extdata + gbbq 前复权回补（rps_backfill.py）,2026-08-18T19:47:23
2026-04-15,100,,,"120日>93 250日>95 50日>=90 + 前复权H/HHV(HIGH,250)>0.85",本机 extdata + gbbq 前复权回补（rps_backfill.py）,2026-08-18T19:47:23
2026-04-16,104,,,"120日>93 250日>95 50日>=90 + 前复权H/HHV(HIGH,250)>0.85",本机 extdata + gbbq 前复权回补（rps_backfill.py）,2026-08-18T19:47:23
2026-04-17,111,,,"120日>93 250日>95 50日>=90 + 前复权H/HHV(HIGH,250)>0.85",本机 extdata + gbbq 前复权回补（rps_backfill.py）,2026-08-18T19:47:23
2026-04-20,112,,,"120日>93 250日>95 50日>=90 + 前复权H/HHV(HIGH,250)>0.85",本机 extdata + gbbq 前复权回补（rps_backfill.py）,2026-08-18T19:47:23
2026-04-21,114,,,"120日>93 250日>95 50日>=90 + 前复权H/HHV(HIGH,250)>0.85",本机 extdata + gbbq 前复权回补（rps_backfill.py）,2026-08-18T19:47:23
2026-04-22,130,,,"120日>93 250日>95 50日>=90 + 前复权H/HHV(HIGH,250)>0.85",本机 extdata + gbbq 前复权回补（rps_backfill.py）,2026-08-18T19:47:23
2026-04-23,118,,,"120日>93 250日>95 50日>=90 + 前复权H/HHV(HIGH,250)>0.85",本机 extdata + gbbq 前复权回补（rps_backfill.py）,2026-08-18T19:47:23
2026-04-24,112,,,"120日>93 250日>95 50日>=90 + 前复权H/HHV(HIGH,250)>0.85",本机 extdata + gbbq 前复权回补（rps_backfill.py）,2026-08-18T19:47:23
2026-04-27,121,,,"120日>93 250日>95 50日>=90 + 前复权H/HHV(HIGH,250)>0.85",本机 extdata + gbbq 前复权回补（rps_backfill.py）,2026-08-18T19:47:23
2026-04-28,120,,,"120日>93 250日>95 50日>=90 + 前复权H/HHV(HIGH,250)>0.85",本机 extdata + gbbq 前复权回补（rps_backfill.py）,2026-08-18T19:47:23
2026-04-29,121,,,"120日>93 250日>95 50日>=90 + 前复权H/HHV(HIGH,250)>0.85",本机 extdata + gbbq 前复权回补（rps_backfill.py）,2026-08-18T19:47:23
2026-04-30,128,,,"120日>93 250日>95 50日>=90 + 前复权H/HHV(HIGH,250)>0.85",本机 extdata + gbbq 前复权回补（rps_backfill.py）,2026-08-18T19:47:23
2026-05-06,138,,,"120日>93 250日>95 50日>=90 + 前复权H/HHV(HIGH,250)>0.85",本机 extdata + gbbq 前复权回补（rps_backfill.py）,2026-08-18T19:47:23
2026-05-07,140,,,"120日>93 250日>95 50日>=90 + 前复权H/HHV(HIGH,250)>0.85",本机 extdata + gbbq 前复权回补（rps_backfill.py）,2026-08-18T19:47:23
2026-05-08,143,,,"120日>93 250日>95 50日>=90 + 前复权H/HHV(HIGH,250)>0.85",本机 extdata + gbbq 前复权回补（rps_backfill.py）,2026-08-18T19:47:23
2026-05-11,143,,,"120日>93 250日>95 50日>=90 + 前复权H/HHV(HIGH,250)>0.85",本机 extdata + gbbq 前复权回补（rps_backfill.py）,2026-08-18T19:47:23
2026-05-12,136,,,"120日>93 250日>95 50日>=90 + 前复权H/HHV(HIGH,250)>0.85",本机 extdata + gbbq 前复权回补（rps_backfill.py）,2026-08-18T19:47:23
2026-05-13,147,,,"120日>93 250日>95 50日>=90 + 前复权H/HHV(HIGH,250)>0.85",本机 extdata + gbbq 前复权回补（rps_backfill.py）,2026-08-18T19:47:23
2026-05-14,140,,,"120日>93 250日>95 50日>=90 + 前复权H/HHV(HIGH,250)>0.85",本机 extdata + gbbq 前复权回补（rps_backfill.py）,2026-08-18T19:47:23
2026-05-15,124,,,"120日>93 250日>95 50日>=90 + 前复权H/HHV(HIGH,250)>0.85",本机 extdata + gbbq 前复权回补（rps_backfill.py）,2026-08-18T19:47:23
2026-05-18,125,,,"120日>93 250日>95 50日>=90 + 前复权H/HHV(HIGH,250)>0.85",本机 extdata + gbbq 前复权回补（rps_backfill.py）,2026-08-18T19:47:23
2026-05-19,131,,,"120日>93 250日>95 50日>=90 + 前复权H/HHV(HIGH,250)>0.85",本机 extdata + gbbq 前复权回补（rps_backfill.py）,2026-08-18T19:47:23
2026-05-20,134,,,"120日>93 250日>95 50日>=90 + 前复权H/HHV(HIGH,250)>0.85",本机 extdata + gbbq 前复权回补（rps_backfill.py）,2026-08-18T19:47:23
2026-05-21,133,,,"120日>93 250日>95 50日>=90 + 前复权H/HHV(HIGH,250)>0.85",本机 extdata + gbbq 前复权回补（rps_backfill.py）,2026-08-18T19:47:23
2026-05-22,136,,,"120日>93 250日>95 50日>=90 + 前复权H/HHV(HIGH,250)>0.85",本机 extdata + gbbq 前复权回补（rps_backfill.py）,2026-08-18T19:47:23
2026-05-25,151,,,"120日>93 250日>95 50日>=90 + 前复权H/HHV(HIGH,250)>0.85",本机 extdata + gbbq 前复权回补（rps_backfill.py）,2026-08-18T19:47:23
2026-05-26,149,,,"120日>93 250日>95 50日>=90 + 前复权H/HHV(HIGH,250)>0.85",本机 extdata + gbbq 前复权回补（rps_backfill.py）,2026-08-18T19:47:23
2026-05-27,142,,,"120日>93 250日>95 50日>=90 + 前复权H/HHV(HIGH,250)>0.85",本机 extdata + gbbq 前复权回补（rps_backfill.py）,2026-08-18T19:47:23
2026-05-28,152,,,"120日>93 250日>95 50日>=90 + 前复权H/HHV(HIGH,250)>0.85",本机 extdata + gbbq 前复权回补（rps_backfill.py）,2026-08-18T19:47:23
2026-05-29,152,,,"120日>93 250日>95 50日>=90 + 前复权H/HHV(HIGH,250)>0.85",本机 extdata + gbbq 前复权回补（rps_backfill.py）,2026-08-18T19:47:23
2026-06-01,120,,,"120日>93 250日>95 50日>=90 + 前复权H/HHV(HIGH,250)>0.85",本机 extdata + gbbq 前复权回补（rps_backfill.py）,2026-08-18T19:47:23
2026-06-02,120,,,"120日>93 250日>95 50日>=90 + 前复权H/HHV(HIGH,250)>0.85",本机 extdata + gbbq 前复权回补（rps_backfill.py）,2026-08-18T19:47:23
2026-06-03,138,,,"120日>93 250日>95 50日>=90 + 前复权H/HHV(HIGH,250)>0.85",本机 extdata + gbbq 前复权回补（rps_backfill.py）,2026-08-18T19:47:23
2026-06-04,147,,,"120日>93 250日>95 50日>=90 + 前复权H/HHV(HIGH,250)>0.85",本机 extdata + gbbq 前复权回补（rps_backfill.py）,2026-08-18T19:47:23
2026-06-05,137,,,"120日>93 250日>95 50日>=90 + 前复权H/HHV(HIGH,250)>0.85",本机 extdata + gbbq 前复权回补（rps_backfill.py）,2026-08-18T19:47:23
2026-06-08,116,,,"120日>93 250日>95 50日>=90 + 前复权H/HHV(HIGH,250)>0.85",本机 extdata + gbbq 前复权回补（rps_backfill.py）,2026-08-18T19:47:23
2026-06-09,117,,,"120日>93 250日>95 50日>=90 + 前复权H/HHV(HIGH,250)>0.85",本机 extdata + gbbq 前复权回补（rps_backfill.py）,2026-08-18T19:47:23
2026-06-10,122,,,"120日>93 250日>95 50日>=90 + 前复权H/HHV(HIGH,250)>0.85",本机 extdata + gbbq 前复权回补（rps_backfill.py）,2026-08-18T19:47:23
2026-06-11,119,,,"120日>93 250日>95 50日>=90 + 前复权H/HHV(HIGH,250)>0.85",本机 extdata + gbbq 前复权回补（rps_backfill.py）,2026-08-18T19:47:23
2026-06-12,134,,,"120日>93 250日>95 50日>=90 + 前复权H/HHV(HIGH,250)>0.85",本机 extdata + gbbq 前复权回补（rps_backfill.py）,2026-08-18T19:47:23
2026-06-15,140,,,"120日>93 250日>95 50日>=90 + 前复权H/HHV(HIGH,250)>0.85",本机 extdata + gbbq 前复权回补（rps_backfill.py）,2026-08-18T19:47:23
2026-06-16,168,,,"120日>93 250日>95 50日>=90 + 前复权H/HHV(HIGH,250)>0.85",本机 extdata + gbbq 前复权回补（rps_backfill.py）,2026-08-18T19:47:23
2026-06-17,173,,,"120日>93 250日>95 50日>=90 + 前复权H/HHV(HIGH,250)>0.85",本机 extdata + gbbq 前复权回补（rps_backfill.py）,2026-08-18T19:47:23
2026-06-18,175,,,"120日>93 250日>95 50日>=90 + 前复权H/HHV(HIGH,250)>0.85",本机 extdata + gbbq 前复权回补（rps_backfill.py）,2026-08-18T19:47:23
2026-06-22,181,,,"120日>93 250日>95 50日>=90 + 前复权H/HHV(HIGH,250)>0.85",本机 extdata + gbbq 前复权回补（rps_backfill.py）,2026-08-18T19:47:23
2026-06-23,172,,,"120日>93 250日>95 50日>=90 + 前复权H/HHV(HIGH,250)>0.85",本机 extdata + gbbq 前复权回补（rps_backfill.py）,2026-08-18T19:47:23
2026-06-24,166,,,"120日>93 250日>95 50日>=90 + 前复权H/HHV(HIGH,250)>0.85",本机 extdata + gbbq 前复权回补（rps_backfill.py）,2026-08-18T19:47:23
2026-06-25,181,,,"120日>93 250日>95 50日>=90 + 前复权H/HHV(HIGH,250)>0.85",本机 extdata + gbbq 前复权回补（rps_backfill.py）,2026-08-18T19:47:23
2026-06-26,178,,,"120日>93 250日>95 50日>=90 + 前复权H/HHV(HIGH,250)>0.85",本机 extdata + gbbq 前复权回补（rps_backfill.py）,2026-08-18T19:47:23
2026-06-29,176,,,"120日>93 250日>95 50日>=90 + 前复权H/HHV(HIGH,250)>0.85",本机 extdata + gbbq 前复权回补（rps_backfill.py）,2026-08-18T19:47:23
2026-06-30,162,,,"120日>93 250日>95 50日>=90 + 前复权H/HHV(HIGH,250)>0.85",本机 extdata + gbbq 前复权回补（rps_backfill.py）,2026-08-18T19:47:23
2026-07-01,157,,,"120日>93 250日>95 50日>=90 + 前复权H/HHV(HIGH,250)>0.85",本机 extdata + gbbq 前复权回补（rps_backfill.py）,2026-08-18T19:47:23
2026-07-02,119,,,"120日>93 250日>95 50日>=90 + 前复权H/HHV(HIGH,250)>0.85",本机 extdata + gbbq 前复权回补（rps_backfill.py）,2026-08-18T19:47:23
2026-07-03,98,,,"120日>93 250日>95 50日>=90 + 前复权H/HHV(HIGH,250)>0.85",本机 extdata + gbbq 前复权回补（rps_backfill.py）,2026-08-18T19:47:23
2026-07-06,89,,,"120日>93 250日>95 50日>=90 + 前复权H/HHV(HIGH,250)>0.85",本机 extdata + gbbq 前复权回补（rps_backfill.py）,2026-08-18T19:47:23
2026-07-07,53,,,"120日>93 250日>95 50日>=90 + 前复权H/HHV(HIGH,250)>0.85",本机 extdata + gbbq 前复权回补（rps_backfill.py）,2026-08-18T19:47:23
2026-07-08,61,,,"120日>93 250日>95 50日>=90 + 前复权H/HHV(HIGH,250)>0.85",本机 extdata + gbbq 前复权回补（rps_backfill.py）,2026-08-18T19:47:23
2026-07-09,71,,,"120日>93 250日>95 50日>=90 + 前复权H/HHV(HIGH,250)>0.85",本机 extdata + gbbq 前复权回补（rps_backfill.py）,2026-08-18T19:47:23
2026-07-10,84,,,"120日>93 250日>95 50日>=90 + 前复权H/HHV(HIGH,250)>0.85",本机 extdata + gbbq 前复权回补（rps_backfill.py）,2026-08-18T19:47:23
2026-07-13,52,,,"120日>93 250日>95 50日>=90 + 前复权H/HHV(HIGH,250)>0.85",本机 extdata + gbbq 前复权回补（rps_backfill.py）,2026-08-18T19:47:23
2026-07-14,38,,,"120日>93 250日>95 50日>=90 + 前复权H/HHV(HIGH,250)>0.85",本机 extdata + gbbq 前复权回补（rps_backfill.py）,2026-08-18T19:47:23
2026-07-15,40,,,"120日>93 250日>95 50日>=90 + 前复权H/HHV(HIGH,250)>0.85",本机 extdata + gbbq 前复权回补（rps_backfill.py）,2026-08-18T19:47:23
2026-07-16,24,,,"120日>93 250日>95 50日>=90 + 前复权H/HHV(HIGH,250)>0.85",本机 extdata + gbbq 前复权回补（rps_backfill.py）,2026-08-18T19:47:23
2026-07-17,13,,,"120日>93 250日>95 50日>=90 + 前复权H/HHV(HIGH,250)>0.85",本机 extdata + gbbq 前复权回补（rps_backfill.py）,2026-08-18T19:47:23
2026-07-20,9,,,"120日>93 250日>95 50日>=90 + 前复权H/HHV(HIGH,250)>0.85",本机 extdata + gbbq 前复权回补（rps_backfill.py）,2026-08-18T19:47:23
2026-07-21,6,,,"120日>93 250日>95 50日>=90 + 前复权H/HHV(HIGH,250)>0.85",本机 extdata + gbbq 前复权回补（rps_backfill.py）,2026-08-18T19:47:23
2026-07-22,14,,,"120日>93 250日>95 50日>=90 + 前复权H/HHV(HIGH,250)>0.85",本机 extdata + gbbq 前复权回补（rps_backfill.py）,2026-08-18T19:47:23
2026-07-23,10,,,"120日>93 250日>95 50日>=90 + 前复权H/HHV(HIGH,250)>0.85",本机 extdata + gbbq 前复权回补（rps_backfill.py）,2026-08-18T19:47:23
2026-07-24,10,,,"120日>93 250日>95 50日>=90 + 前复权H/HHV(HIGH,250)>0.85",本机 extdata + gbbq 前复权回补（rps_backfill.py）,2026-08-18T19:47:23
2026-07-27,12,,,"120日>93 250日>95 50日>=90 + 前复权H/HHV(HIGH,250)>0.85",本机 extdata + gbbq 前复权回补（rps_backfill.py）,2026-08-18T19:47:23
2026-07-28,7,,,"120日>93 250日>95 50日>=90 + 前复权H/HHV(HIGH,250)>0.85",本机 extdata + gbbq 前复权回补（rps_backfill.py）,2026-08-18T19:47:23
2026-07-29,8,,,"120日>93 250日>95 50日>=90 + 前复权H/HHV(HIGH,250)>0.85",本机 extdata + gbbq 前复权回补（rps_backfill.py）,2026-08-18T19:47:23
2026-07-30,4,,,"120日>93 250日>95 50日>=90 + 前复权H/HHV(HIGH,250)>0.85",本机 extdata + gbbq 前复权回补（rps_backfill.py）,2026-08-18T19:47:23
2026-07-31,7,,,"120日>93 250日>95 50日>=90 + 前复权H/HHV(HIGH,250)>0.85",本机 extdata + gbbq 前复权回补（rps_backfill.py）,2026-08-18T19:47:23
2026-08-03,4,,,"120日>93 250日>95 50日>=90 + 前复权H/HHV(HIGH,250)>0.85",本机 extdata + gbbq 前复权回补（rps_backfill.py）,2026-08-18T19:47:23
2026-08-04,7,,,"120日>93 250日>95 50日>=90 + 前复权H/HHV(HIGH,250)>0.85",本机 extdata + gbbq 前复权回补（rps_backfill.py）,2026-08-18T19:47:23
2026-08-05,8,,,"120日>93 250日>95 50日>=90 + 前复权H/HHV(HIGH,250)>0.85",本机 extdata + gbbq 前复权回补（rps_backfill.py）,2026-08-18T19:47:23
2026-08-06,11,,,"120日>93 250日>95 50日>=90 + 前复权H/HHV(HIGH,250)>0.85",本机 extdata + gbbq 前复权回补（rps_backfill.py）,2026-08-18T19:47:23
2026-08-07,14,,,"120日>93 250日>95 50日>=90 + 前复权H/HHV(HIGH,250)>0.85",本机 extdata + gbbq 前复权回补（rps_backfill.py）,2026-08-18T19:47:23
2026-08-10,18,,,"120日>93 250日>95 50日>=90 + 前复权H/HHV(HIGH,250)>0.85",本机 extdata + gbbq 前复权回补（rps_backfill.py）,2026-08-18T19:47:23
2026-08-11,20,,,"120日>93 250日>95 50日>=90 + 前复权H/HHV(HIGH,250)>0.85",本机 extdata + gbbq 前复权回补（rps_backfill.py）,2026-08-18T19:47:23
2026-08-12,22,,,"120日>93 250日>95 50日>=90 + 前复权H/HHV(HIGH,250)>0.85",本机 extdata + gbbq 前复权回补（rps_backfill.py）,2026-08-18T19:47:23
2026-08-13,22,,,"120日>93 250日>95 50日>=90 + 前复权H/HHV(HIGH,250)>0.85",本机 extdata + gbbq 前复权回补（rps_backfill.py）,2026-08-18T19:47:23
2026-08-14,22,,,"120日>93 250日>95 50日>=90 + 前复权H/HHV(HIGH,250)>0.85",本机 extdata + gbbq 前复权回补（rps_backfill.py）,2026-08-18T19:47:23
2026-08-17,24,,,"120日>93 250日>95 50日>=90 + 前复权H/HHV(HIGH,250)>0.85",本机 extdata + gbbq 前复权回补（rps_backfill.py）,2026-08-18T19:47:23
2026-08-18,26,,,"120日>93 250日>95 50日>=90 + 前复权H/HHV(HIGH,250)>0.85",本机 extdata + gbbq 前复权回补（rps_backfill.py）,2026-08-19T17:12:18
2026-08-19,26,,,"120日>93 250日>95 50日>=90 + 前复权H/HHV(HIGH,250)>0.85",本机 extdata + gbbq 前复权回补（rps_backfill.py）,2026-08-19T17:31:53
2026-08-20,24,,,"120日>93 250日>95 50日>=90 + 前复权H/HHV(HIGH,250)>0.85",本机 extdata + gbbq 前复权回补（rps_backfill.py）,2026-08-20T17:34:40
