code,name,industry,match
000880,潍柴重机,内燃机,local_extdata
001328,登康口腔,洗护用品,local_extdata
002165,红 宝 丽,聚氨酯,local_extdata
003010,若羽臣,电商服务,local_extdata
300100,双林股份,车身附件及饰件,local_extdata
300779,惠城环保,固废治理,local_extdata
300963,中洲特材,其他金属新材料,local_extdata
300967,晓鸣股份,肉鸡养殖,local_extdata
301209,联合化学,涂料油墨,local_extdata
301220,亚香股份,其他化学制品,local_extdata
301256,华融化学,其他化学原料,local_extdata
600882,妙可蓝多,乳制品,local_extdata
603121,华培动力,底盘与发动机系统,local_extdata
603166,福达股份,底盘与发动机系统,local_extdata
688068,热景生物,诊断试剂,local_extdata
688096,京源环保,水治理,local_extdata
688136,科兴制药,基因药物,local_extdata
688288,鸿泉技术,其他IT设备,local_extdata
688521,芯原股份,集成电路设计,local_extdata
688788,科思科技,军工电子,local_extdata
920132,泰鹏智能,其他家居,local_extdata
920179,凯德石英,非金属材料,local_extdata
920262,太湖雪,家纺,local_extdata
920273,一致魔芋,其他食品,local_extdata
920299,灿能电力,电网自动化,local_extdata
920394,民士达,特种纸,local_extdata
920396,常辅股份,工业控制设备,local_extdata
920422,润普食品,调味品,local_extdata
920429,康比特,其他食品,local_extdata
920541,铁大科技,轨交设备,local_extdata
920599,同力股份,工程机械整机,local_extdata
920682,球冠电缆,线缆部件及其他,local_extdata
920786,骑士乳业,乳制品,local_extdata
920871,派特尔,改性塑料,local_extdata
920879,基康技术,仪器仪表,local_extdata
